year,state,lambs,rams,ewes,lamb_sheep_shorn,sheep_flock,sheep_purchased,cats_occurrence_total,cats_2013_forest,cats_2013_non_forest,cats_2018_forest,cats_2018_non_forest
1990,New South Wales,4073.0,206.0,8649.0,18393.0,17123,976.0,69.0,48.0,21.0,52.0,17.0
1990,Northern Territory,0.0,0.0,2.0,15.0,4,15.0,43.0,11.0,32.0,14.0,29.0
1990,Queensland,3856.0,157.0,8095.0,17240.0,17443,1023.0,17.0,9.0,8.0,7.0,10.0
1990,South Australia,2803.0,145.0,5276.0,11211.0,10952,941.0,26.0,9.0,17.0,12.0,14.0
1990,Tasmania,641.0,34.0,1141.0,2813.0,2589,86.0,,,,,
1990,Victoria,1166.0,67.0,2364.0,5534.0,5331,767.0,59.0,26.0,33.0,29.0,30.0
1990,Western Australia,3392.0,209.0,8244.0,18446.0,17454,1107.0,,,,,
1991,New South Wales,3123.0,179.0,7665.0,16782.0,15116,769.0,135.0,95.0,40.0,95.0,40.0
1991,Northern Territory,0.0,0.0,1.0,4.0,3,0.0,72.0,14.0,58.0,22.0,50.0
1991,Queensland,3908.0,188.0,7840.0,20632.0,18821,1450.0,35.0,23.0,12.0,24.0,11.0
1991,South Australia,2383.0,133.0,5320.0,12086.0,10992,548.0,19.0,1.0,18.0,2.0,17.0
1991,Tasmania,529.0,29.0,1062.0,2818.0,2435,137.0,,,,,
1991,Victoria,1002.0,54.0,2276.0,5548.0,4789,636.0,87.0,70.0,17.0,69.0,18.0
1991,Western Australia,3085.0,188.0,7470.0,18832.0,16816,985.0,,,,,
1992,New South Wales,2304.0,180.0,7350.0,15009.0,13759,914.0,90.0,70.0,20.0,72.0,18.0
1992,Northern Territory,0.0,0.0,2.0,5.0,5,0.0,32.0,1.0,31.0,1.0,31.0
1992,Queensland,1763.0,142.0,8254.0,17473.0,16633,1091.0,90.0,50.0,40.0,48.0,42.0
1992,South Australia,2212.0,111.0,4775.0,10395.0,9644,1043.0,25.0,3.0,22.0,3.0,22.0
1992,Tasmania,402.0,29.0,1146.0,2652.0,2346,63.0,,,,,
1992,Victoria,925.0,64.0,2222.0,5089.0,4609,640.0,69.0,40.0,29.0,41.0,28.0
1992,Western Australia,2468.0,170.0,7226.0,15509.0,15487,1575.0,1.0,0.0,1.0,0.0,1.0
1993,New South Wales,2701.0,170.0,6865.0,14453.0,12908,1042.0,66.0,50.0,16.0,50.0,16.0
1993,Northern Territory,0.0,0.0,2.0,5.0,5,0.0,15.0,2.0,13.0,2.0,13.0
1993,Queensland,2058.0,179.0,7142.0,16291.0,15241,734.0,92.0,53.0,39.0,45.0,47.0
1993,South Australia,2447.0,107.0,4378.0,10194.0,9644,835.0,8.0,0.0,8.0,0.0,8.0
1993,Tasmania,512.0,28.0,1173.0,2545.0,2367,103.0,1.0,1.0,0.0,1.0,0.0
1993,Victoria,1156.0,60.0,2528.0,5833.0,5312,723.0,38.0,24.0,14.0,25.0,13.0
1993,Western Australia,3457.0,236.0,7710.0,18454.0,17051,929.0,,,,,
1994,New South Wales,3424.0,158.0,6831.0,13941.0,13159,905.0,89.0,50.0,39.0,58.0,31.0
1994,Northern Territory,0.0,0.0,0.0,8.0,0,0.0,42.0,3.0,39.0,4.0,38.0
1994,Queensland,1743.0,141.0,6052.0,14282.0,12988,715.0,64.0,35.0,29.0,32.0,32.0
1994,South Australia,2319.0,121.0,5238.0,11434.0,10529,1010.0,42.0,0.0,42.0,5.0,37.0
1994,Tasmania,576.0,30.0,1151.0,2453.0,2454,131.0,,,,,
1994,Victoria,1053.0,56.0,2308.0,5071.0,4684,647.0,27.0,17.0,10.0,17.0,10.0
1994,Western Australia,3309.0,244.0,8532.0,18311.0,16873,933.0,,,,,
1995,New South Wales,2521.0,162.0,6608.0,13471.0,12034,513.0,93.0,41.0,52.0,31.0,62.0
1995,Northern Territory,0.0,0.0,0.0,0.0,0,0.0,13.0,1.0,12.0,1.0,12.0
1995,Queensland,2413.0,168.0,6431.0,13645.0,13628,1225.0,44.0,21.0,23.0,13.0,31.0
1995,South Australia,2437.0,118.0,4653.0,10647.0,9731,672.0,56.0,10.0,46.0,8.0,48.0
1995,Tasmania,448.0,28.0,1053.0,2484.0,2111,321.0,,,,,
1995,Victoria,1041.0,64.0,2217.0,5048.0,4455,628.0,33.0,18.0,15.0,18.0,15.0
1995,Western Australia,2805.0,250.0,8345.0,17177.0,15971,1545.0,,,,,
1996,New South Wales,3133.0,157.0,6582.0,13514.0,12485,814.0,80.0,39.0,41.0,41.0,39.0
1996,Northern Territory,0.0,0.0,0.0,0.0,0,0.0,87.0,0.0,87.0,1.0,86.0
1996,Queensland,2396.0,169.0,6265.0,14146.0,13021,539.0,45.0,17.0,28.0,17.0,28.0
1996,South Australia,1797.0,108.0,4860.0,10021.0,9351,576.0,46.0,0.0,46.0,2.0,44.0
1996,Tasmania,533.0,39.0,1032.0,2420.0,2278,182.0,1.0,0.0,1.0,0.0,1.0
1996,Victoria,880.0,94.0,2101.0,4376.0,4380,632.0,39.0,27.0,12.0,22.0,17.0
1996,Western Australia,2911.0,211.0,7815.0,19209.0,15864,1298.0,,,,,
1997,New South Wales,3089.0,131.0,6173.0,12019.0,11685,849.0,107.0,76.0,31.0,77.0,30.0
1997,Northern Territory,0.0,0.0,0.0,0.0,0,0.0,114.0,2.0,112.0,3.0,111.0
1997,Queensland,2863.0,179.0,6593.0,13069.0,13442,1154.0,37.0,29.0,8.0,29.0,8.0
1997,South Australia,2780.0,150.0,5167.0,10418.0,10168,494.0,50.0,5.0,45.0,10.0,40.0
1997,Tasmania,782.0,45.0,1338.0,3002.0,2996,135.0,,,,,
1997,Victoria,1036.0,79.0,2314.0,5544.0,4687,1020.0,31.0,19.0,12.0,21.0,10.0
1997,Western Australia,3722.0,296.0,10235.0,20503.0,17828,990.0,,,,,
1998,New South Wales,2485.0,132.0,5811.0,11117.0,10484,1065.0,52.0,31.0,21.0,31.0,21.0
1998,Northern Territory,0.0,0.0,0.0,0.0,0,0.0,52.0,4.0,48.0,9.0,43.0
1998,Queensland,2772.0,162.0,6495.0,13839.0,13588,747.0,27.0,14.0,13.0,14.0,13.0
1998,South Australia,2265.0,115.0,5210.0,10547.0,9712,594.0,35.0,0.0,35.0,1.0,34.0
1998,Tasmania,492.0,21.0,1048.0,2568.0,2301,161.0,,,,,
1998,Victoria,1127.0,61.0,2491.0,6208.0,5100,1865.0,30.0,16.0,14.0,16.0,14.0
1998,Western Australia,3045.0,190.0,7013.0,15392.0,13273,817.0,,,,,
1999,New South Wales,2596.0,182.0,6636.0,12383.0,11541,862.0,62.0,35.0,27.0,32.0,30.0
1999,Northern Territory,0.0,0.0,0.0,0.0,0,0.0,24.0,1.0,23.0,2.0,22.0
1999,Queensland,2689.0,183.0,6423.0,14226.0,12986,648.0,26.0,10.0,16.0,10.0,16.0
1999,South Australia,2070.0,114.0,4776.0,9306.0,9017,409.0,42.0,3.0,39.0,4.0,38.0
1999,Tasmania,574.0,25.0,1141.0,2754.0,2497,129.0,,,,,
1999,Victoria,1197.0,76.0,2670.0,5753.0,5367,731.0,33.0,16.0,17.0,18.0,15.0
1999,Western Australia,2593.0,179.0,6841.0,13967.0,13356,800.0,,,,,
2000,New South Wales,3237.0,145.0,6879.0,12509.0,12467,788.0,102.0,51.0,51.0,54.0,48.0
2000,Northern Territory,0.0,0.0,0.0,0.0,0,0.0,12.0,2.0,10.0,4.0,8.0
2000,Queensland,1551.0,74.0,4851.0,10513.0,10093,1061.0,21.0,11.0,10.0,10.0,11.0
2000,South Australia,2352.0,123.0,4472.0,8703.0,8486,698.0,9.0,1.0,8.0,1.0,8.0
2000,Tasmania,491.0,22.0,982.0,2520.0,2262,203.0,,,,,
2000,Victoria,1217.0,58.0,2408.0,5037.0,4694,765.0,28.0,18.0,10.0,15.0,13.0
2000,Western Australia,3335.0,202.0,7018.0,13896.0,12409,865.0,,,,,
2001,New South Wales,3127.0,136.0,6833.0,13372.0,11933,776.0,128.0,76.0,52.0,84.0,44.0
2001,Northern Territory,0.0,0.0,0.0,0.0,0,0.0,44.0,4.0,40.0,6.0,38.0
2001,Queensland,2625.0,140.0,6505.0,15704.0,13912,1119.0,29.0,13.0,16.0,13.0,16.0
2001,South Australia,2512.0,112.0,4548.0,7883.0,8270,600.0,16.0,6.0,10.0,8.0,8.0
2001,Tasmania,359.0,23.0,907.0,2098.0,1964,110.0,,,,,
2001,Victoria,1567.0,66.0,2637.0,5217.0,5094,711.0,40.0,20.0,20.0,19.0,21.0
2001,Western Australia,2479.0,203.0,7577.0,15747.0,12836,588.0,,,,,
2002,New South Wales,2624.0,131.0,5996.0,11360.0,10544,770.0,104.0,46.0,58.0,55.0,49.0
2002,Northern Territory,0.0,0.0,0.0,0.0,0,0.0,34.0,2.0,32.0,5.0,29.0
2002,Queensland,1421.0,103.0,5020.0,11123.0,9707,584.0,24.0,17.0,7.0,21.0,3.0
2002,South Australia,2148.0,137.0,5372.0,8857.0,8938,692.0,18.0,4.0,14.0,6.0,12.0
2002,Tasmania,548.0,28.0,1033.0,2431.0,2431,139.0,,,,,
2002,Victoria,1602.0,86.0,2691.0,5518.0,5072,687.0,17.0,8.0,9.0,7.0,10.0
2002,Western Australia,2315.0,177.0,6419.0,12594.0,11169,428.0,,,,,
2003,New South Wales,,,,10498.0,8903,764.0,143.0,68.0,75.0,74.0,69.0
2003,Northern Territory,,,,0.0,0,0.0,8.0,4.0,4.0,6.0,2.0
2003,Queensland,,,,12477.0,10214,313.0,23.0,18.0,5.0,19.0,4.0
2003,South Australia,,,,8674.0,8227,535.0,27.0,5.0,22.0,7.0,20.0
2003,Tasmania,,,,2333.0,2002,66.0,20.0,0.0,20.0,0.0,20.0
2003,Victoria,,,,4527.0,4207,463.0,70.0,26.0,44.0,24.0,46.0
2003,Western Australia,,,,9055.0,9943,955.0,,,,,
2004,New South Wales,,,,9242.0,9596,609.0,141.0,81.0,60.0,80.0,61.0
2004,Northern Territory,,,,0.0,0,0.0,11.0,0.0,11.0,2.0,9.0
2004,Queensland,,,,12745.0,11871,551.0,16.0,10.0,6.0,9.0,7.0
2004,South Australia,,,,8976.0,8462,479.0,48.0,8.0,40.0,14.0,34.0
2004,Tasmania,,,,2112.0,1879,66.0,,,,,
2004,Victoria,,,,4232.0,4158,579.0,48.0,17.0,31.0,23.0,25.0
2004,Western Australia,,,,11210.0,10948,889.0,2.0,0.0,2.0,0.0,2.0
2005,New South Wales,2403.0,114.0,6102.0,10916.0,10041,717.0,99.0,55.0,44.0,56.0,43.0
2005,Northern Territory,0.0,0.0,0.0,0.0,24,0.0,16.0,3.0,13.0,3.0,13.0
2005,Queensland,1470.0,73.0,4197.0,8015.0,7399,548.0,6.0,4.0,2.0,4.0,2.0
2005,South Australia,1975.0,168.0,4879.0,9072.0,8351,445.0,141.0,46.0,95.0,56.0,85.0
2005,Tasmania,552.0,34.0,1239.0,2578.0,2333,58.0,,,,,
2005,Victoria,1446.0,78.0,2727.0,5140.0,4977,547.0,59.0,29.0,30.0,30.0,29.0
2005,Western Australia,2756.0,196.0,7374.0,12084.0,11968,594.0,,,,,
2006,New South Wales,2304.0,102.0,5753.0,9766.0,9473,1232.0,80.0,50.0,30.0,49.0,31.0
2006,Northern Territory,0.0,0.0,0.0,0.0,0,0.0,16.0,0.0,16.0,0.0,16.0
2006,Queensland,1350.0,86.0,3642.0,7238.0,6764,231.0,8.0,5.0,3.0,4.0,4.0
2006,South Australia,1931.0,129.0,4999.0,8533.0,8102,588.0,65.0,11.0,54.0,11.0,54.0
2006,Tasmania,478.0,23.0,1164.0,2396.0,2156,121.0,,,,,
2006,Victoria,1449.0,48.0,2603.0,4762.0,4691,583.0,70.0,49.0,21.0,48.0,22.0
2006,Western Australia,3321.0,168.0,5627.0,10758.0,10244,1492.0,,,,,
2007,New South Wales,2476.0,110.0,5701.0,10074.0,9484,932.0,107.0,57.0,50.0,56.0,51.0
2007,Northern Territory,0.0,0.0,0.0,0.0,0,0.0,8.0,2.0,6.0,3.0,5.0
2007,Queensland,1130.0,81.0,2739.0,6087.0,4940,231.0,15.0,11.0,4.0,11.0,4.0
2007,South Australia,2593.0,132.0,5488.0,9259.0,8709,609.0,222.0,21.0,201.0,22.0,200.0
2007,Tasmania,542.0,24.0,1041.0,2832.0,1980,83.0,,,,,
2007,Victoria,1237.0,62.0,2386.0,4557.0,4142,677.0,88.0,63.0,25.0,64.0,24.0
2007,Western Australia,2251.0,191.0,6631.0,12949.0,10509,596.0,,,,,
2008,New South Wales,2459.0,115.0,5467.0,9457.0,9142,543.0,72.0,46.0,26.0,49.0,23.0
2008,Northern Territory,0.0,0.0,0.0,0.0,0,0.0,11.0,2.0,9.0,1.0,10.0
2008,Queensland,1060.0,96.0,2901.0,4981.0,5210,261.0,15.0,10.0,5.0,8.0,7.0
2008,South Australia,2343.0,108.0,5073.0,8631.0,8158,418.0,63.0,6.0,57.0,7.0,56.0
2008,Tasmania,414.0,27.0,950.0,1983.0,1665,99.0,,,,,
2008,Victoria,1269.0,55.0,2443.0,4442.0,4237,458.0,107.0,91.0,16.0,94.0,13.0
2008,Western Australia,1934.0,139.0,5067.0,7922.0,7965,526.0,4.0,0.0,4.0,0.0,4.0
2009,New South Wales,2100.0,105.0,5007.0,8402.0,8118,532.0,152.0,86.0,66.0,85.0,67.0
2009,Northern Territory,0.0,0.0,0.0,0.0,0,0.0,9.0,2.0,7.0,3.0,6.0
2009,Queensland,1020.0,82.0,2640.0,5046.0,5197,112.0,44.0,15.0,29.0,13.0,31.0
2009,South Australia,2376.0,105.0,4552.0,8270.0,7459,469.0,196.0,18.0,178.0,20.0,176.0
2009,Tasmania,368.0,23.0,900.0,1749.0,1485,71.0,,,,,
2009,Victoria,1077.0,43.0,2160.0,3850.0,3661,383.0,51.0,30.0,21.0,35.0,16.0
2009,Western Australia,1568.0,178.0,5418.0,9275.0,7744,545.0,,,,,
2010,New South Wales,2167.0,112.0,5507.0,8409.0,8575,655.0,104.0,68.0,36.0,66.0,38.0
2010,Northern Territory,0.0,0.0,0.0,0.0,0,0.0,19.0,2.0,17.0,5.0,14.0
2010,Queensland,930.0,99.0,2299.0,4288.0,4528,83.0,27.0,14.0,13.0,15.0,12.0
2010,South Australia,2028.0,121.0,4728.0,7546.0,7336,429.0,75.0,5.0,70.0,8.0,67.0
2010,Tasmania,448.0,21.0,883.0,1749.0,1683,40.0,,,,,
2010,Victoria,1094.0,46.0,1952.0,3264.0,3357,401.0,59.0,23.0,36.0,27.0,32.0
2010,Western Australia,1627.0,112.0,3803.0,6260.0,6147,334.0,,,,,
2011,New South Wales,2890.0,119.0,5885.0,8751.0,9591,457.0,104.0,47.0,57.0,51.0,53.0
2011,Northern Territory,0.0,0.0,0.0,0.0,0,0.0,13.0,1.0,12.0,1.0,12.0
2011,Queensland,1204.0,75.0,2269.0,3829.0,4558,77.0,78.0,51.0,27.0,57.0,21.0
2011,South Australia,2707.0,124.0,5519.0,8965.0,8859,521.0,354.0,45.0,309.0,30.0,324.0
2011,Tasmania,517.0,23.0,1016.0,1973.0,1860,70.0,1.0,0.0,1.0,0.0,1.0
2011,Victoria,1444.0,42.0,2474.0,3993.0,4293,419.0,205.0,163.0,42.0,172.0,33.0
2011,Western Australia,1560.0,93.0,3425.0,5775.0,5458,191.0,,,,,
2012,New South Wales,2986.0,115.0,6037.0,8810.0,9976,409.0,619.0,505.0,114.0,530.0,89.0
2012,Northern Territory,0.0,0.0,0.0,0.0,0,0.0,28.0,0.0,28.0,2.0,26.0
2012,Queensland,800.0,44.0,1851.0,3731.0,4102,33.0,54.0,36.0,18.0,34.0,20.0
2012,South Australia,2202.0,106.0,5269.0,8522.0,8128,489.0,122.0,8.0,114.0,6.0,116.0
2012,Tasmania,587.0,25.0,1107.0,2013.0,2072,58.0,,,,,
2012,Victoria,1345.0,42.0,2273.0,3898.0,4154,365.0,159.0,126.0,33.0,132.0,27.0
2012,Western Australia,1541.0,103.0,3460.0,6000.0,5703,214.0,,,,,
2013,New South Wales,2918.0,122.0,5576.0,8843.0,9639,324.0,1086.0,967.0,119.0,904.0,182.0
2013,Northern Territory,0.0,0.0,0.0,0.0,0,0.0,148.0,10.0,138.0,42.0,106.0
2013,Queensland,752.0,31.0,1583.0,3196.0,3281,250.0,39.0,29.0,10.0,33.0,6.0
2013,South Australia,2461.0,123.0,4677.0,7997.0,7883,266.0,58.0,2.0,56.0,1.0,57.0
2013,Tasmania,595.0,23.0,1075.0,2132.0,2006,48.0,,,,,
2013,Victoria,1392.0,52.0,2533.0,4220.0,4423,290.0,276.0,234.0,42.0,247.0,29.0
2013,Western Australia,1708.0,100.0,3682.0,6146.0,6059,230.0,5.0,0.0,5.0,0.0,5.0
2014,New South Wales,2690.0,129.0,6226.0,10419.0,9722,521.0,1335.0,1169.0,166.0,1236.0,99.0
2014,Northern Territory,0.0,0.0,0.0,0.0,0,0.0,247.0,86.0,161.0,196.0,51.0
2014,Queensland,420.0,33.0,1443.0,2668.0,2801,144.0,56.0,38.0,18.0,38.0,18.0
2014,South Australia,2434.0,127.0,4778.0,8101.0,7890,351.0,82.0,40.0,42.0,52.0,30.0
2014,Tasmania,573.0,24.0,1128.0,2140.0,2067,47.0,,,,,
2014,Victoria,1296.0,51.0,2259.0,3928.0,3948,384.0,140.0,102.0,38.0,117.0,23.0
2014,Western Australia,1766.0,124.0,4148.0,6686.0,6575,391.0,10.0,0.0,10.0,0.0,10.0
2015,New South Wales,3195.0,144.0,6349.0,10453.0,10377,481.0,347.0,236.0,111.0,244.0,103.0
2015,Northern Territory,0.0,0.0,0.0,0.0,0,0.0,349.0,100.0,249.0,208.0,141.0
2015,Queensland,508.0,26.0,1275.0,1952.0,2482,208.0,35.0,21.0,14.0,23.0,12.0
2015,South Australia,3177.0,152.0,5774.0,10526.0,9726,339.0,113.0,24.0,89.0,44.0,69.0
2015,Tasmania,562.0,23.0,1202.0,2244.0,2048,64.0,3.0,0.0,3.0,0.0,3.0
2015,Victoria,1292.0,53.0,2343.0,4026.0,3955,322.0,211.0,161.0,50.0,168.0,43.0
2015,Western Australia,1747.0,123.0,3785.0,6597.0,6261,189.0,7.0,0.0,7.0,1.0,6.0
2016,New South Wales,3203.0,147.0,7030.0,11365.0,11109,752.0,632.0,402.0,230.0,388.0,244.0
2016,Northern Territory,0.0,0.0,0.0,0.0,0,0.0,59.0,22.0,37.0,47.0,12.0
2016,Queensland,339.0,24.0,1275.0,1830.0,2175,66.0,68.0,49.0,19.0,49.0,19.0
2016,South Australia,3057.0,112.0,4898.0,8560.0,8589,440.0,268.0,45.0,223.0,83.0,185.0
2016,Tasmania,545.0,22.0,1203.0,2290.0,2000,40.0,12.0,0.0,12.0,1.0,11.0
2016,Victoria,1410.0,61.0,2684.0,4736.0,4504,428.0,360.0,345.0,15.0,343.0,17.0
2016,Western Australia,2707.0,132.0,4919.0,6730.0,8231,318.0,5.0,2.0,3.0,4.0,1.0
2017,New South Wales,3122.0,135.0,6701.0,10810.0,10560,571.0,866.0,580.0,286.0,551.0,315.0
2017,Northern Territory,0.0,0.0,0.0,0.0,0,0.0,96.0,31.0,65.0,70.0,26.0
2017,Queensland,783.0,25.0,1354.0,2217.0,2640,171.0,28.0,14.0,14.0,14.0,14.0
2017,South Australia,3252.0,138.0,5920.0,10783.0,10108,325.0,86.0,20.0,66.0,39.0,47.0
2017,Tasmania,416.0,20.0,978.0,1660.0,1634,65.0,3.0,3.0,0.0,1.0,2.0
2017,Victoria,1482.0,51.0,2607.0,4303.0,4448,546.0,281.0,242.0,39.0,246.0,35.0
2017,Western Australia,1909.0,105.0,3746.0,6454.0,6085,187.0,10.0,10.0,0.0,10.0,0.0
2018,New South Wales,2550.0,123.0,5839.0,9852.0,9039,586.0,841.0,551.0,290.0,519.0,322.0
2018,Northern Territory,0.0,0.0,0.0,0.0,0,0.0,191.0,159.0,32.0,168.0,23.0
2018,Queensland,488.0,29.0,1336.0,2321.0,2399,153.0,65.0,34.0,31.0,29.0,36.0
2018,South Australia,2783.0,137.0,5998.0,10887.0,9529,404.0,99.0,7.0,92.0,24.0,75.0
2018,Tasmania,517.0,24.0,1191.0,1994.0,1976,75.0,1.0,1.0,0.0,1.0,0.0
2018,Victoria,1499.0,55.0,2489.0,4391.0,4319,535.0,407.0,325.0,82.0,350.0,57.0
2018,Western Australia,1975.0,93.0,3374.0,6436.0,6006,311.0,52.0,26.0,26.0,26.0,26.0
2019,New South Wales,2080.0,179.0,5749.0,8674.0,8486,529.0,651.0,525.0,126.0,516.0,135.0
2019,Northern Territory,0.0,0.0,0.0,0.0,0,0.0,140.0,83.0,57.0,119.0,21.0
2019,Queensland,435.0,41.0,1503.0,1902.0,2386,186.0,36.0,17.0,19.0,11.0,25.0
2019,South Australia,2068.0,117.0,5083.0,9248.0,8150,369.0,326.0,63.0,263.0,78.0,248.0
2019,Tasmania,654.0,23.0,1138.0,2163.0,2031,163.0,1.0,0.0,1.0,1.0,0.0
2019,Victoria,1356.0,70.0,2449.0,4569.0,4248,428.0,458.0,360.0,98.0,372.0,86.0
2019,Western Australia,1884.0,96.0,3629.0,6706.0,6151,185.0,6.0,0.0,6.0,0.0,6.0
2020,New South Wales,2226.0,118.0,5492.0,7292.0,8211,483.0,583.0,502.0,81.0,491.0,92.0
2020,Northern Territory,0.0,0.0,0.0,0.0,0,0.0,,,,,
2020,Queensland,633.0,50.0,1697.0,3110.0,2807,149.0,14.0,6.0,8.0,6.0,8.0
2020,South Australia,1745.0,116.0,4966.0,8553.0,7871,290.0,613.0,233.0,380.0,267.0,346.0
2020,Tasmania,472.0,24.0,1003.0,1875.0,1647,114.0,3.0,0.0,3.0,0.0,3.0
2020,Victoria,1474.0,76.0,2674.0,4789.0,4532,497.0,641.0,586.0,55.0,596.0,45.0
2020,Western Australia,1938.0,107.0,3370.0,6979.0,5853,123.0,5.0,3.0,2.0,4.0,1.0
2021,New South Wales,3113.0,123.0,5658.0,8210.0,9399,606.0,494.0,392.0,102.0,411.0,83.0
2021,Northern Territory,0.0,0.0,0.0,0.0,0,0.0,1.0,0.0,1.0,1.0,0.0
2021,Queensland,719.0,53.0,1576.0,2141.0,2638,84.0,26.0,17.0,9.0,14.0,12.0
2021,South Australia,2534.0,118.0,4829.0,8243.0,7858,470.0,17.0,1.0,16.0,2.0,15.0
2021,Tasmania,466.0,22.0,1067.0,1807.0,1740,112.0,4.0,2.0,2.0,3.0,1.0
2021,Victoria,1579.0,57.0,2311.0,4443.0,4267,448.0,374.0,332.0,42.0,333.0,41.0
2021,Western Australia,1915.0,104.0,3573.0,7145.0,5984,193.0,9.0,3.0,6.0,3.0,6.0
2022,New South Wales,3429.0,136.0,6397.0,9018.0,10667,675.0,687.0,463.0,224.0,439.0,248.0
2022,Northern Territory,0.0,0.0,0.0,0.0,0,0.0,6.0,2.0,4.0,2.0,4.0
2022,Queensland,1056.0,59.0,2039.0,3267.0,3706,153.0,78.0,19.0,59.0,16.0,62.0
2022,South Australia,3003.0,123.0,5280.0,9578.0,8842,452.0,150.0,20.0,130.0,14.0,136.0
2022,Tasmania,567.0,20.0,1029.0,1804.0,1795,55.0,118.0,39.0,79.0,45.0,73.0
2022,Victoria,1608.0,50.0,2272.0,4236.0,4239,548.0,183.0,115.0,68.0,116.0,67.0
2022,Western Australia,1905.0,82.0,3224.0,6344.0,5482,390.0,60.0,9.0,51.0,9.0,51.0
