Date,Series,Value
2017-01-01,Average Tone,-1.8331
2017-01-02,Average Tone,0
2017-01-03,Average Tone,0.2915
2017-01-04,Average Tone,-1.1704
2017-01-05,Average Tone,-1.384
2017-01-06,Average Tone,-2.9887
2017-01-07,Average Tone,0
2017-01-08,Average Tone,-3.1132
2017-01-09,Average Tone,-3.2985
2017-01-10,Average Tone,-2.918
2017-01-11,Average Tone,-0.5605
2017-01-12,Average Tone,-2.4894
2017-01-13,Average Tone,0
2017-01-14,Average Tone,0
2017-01-15,Average Tone,0
2017-01-16,Average Tone,0
2017-01-17,Average Tone,0
2017-01-18,Average Tone,-0.8092
2017-01-19,Average Tone,0
2017-01-20,Average Tone,0
2017-01-21,Average Tone,-1.4579
2017-01-22,Average Tone,0
2017-01-23,Average Tone,-3.0511
2017-01-24,Average Tone,-3.7479
2017-01-25,Average Tone,-6.132
2017-01-26,Average Tone,0
2017-01-27,Average Tone,1.5254
2017-01-28,Average Tone,0
2017-01-29,Average Tone,0
2017-01-30,Average Tone,0
2017-01-31,Average Tone,-2.8078
2017-02-01,Average Tone,-3.4674
2017-02-02,Average Tone,-2.5915
2017-02-03,Average Tone,-1.8156
2017-02-04,Average Tone,-0.5605
2017-02-05,Average Tone,-1.2346
2017-02-06,Average Tone,-1.6234
2017-02-07,Average Tone,-1.6651
2017-02-08,Average Tone,-3.2714
2017-02-09,Average Tone,1.601
2017-02-10,Average Tone,0
2017-02-11,Average Tone,0
2017-02-12,Average Tone,-3.8435
2017-02-13,Average Tone,-3.6224
2017-02-14,Average Tone,-2.3374
2017-02-15,Average Tone,0
2017-02-16,Average Tone,0
2017-02-17,Average Tone,-1.0927
2017-02-18,Average Tone,-3.6266
2017-02-19,Average Tone,-3.0972
2017-02-20,Average Tone,-3.5961
2017-02-21,Average Tone,-3.0852
2017-02-22,Average Tone,-4.1589
2017-02-23,Average Tone,-3.7228
2017-02-24,Average Tone,-0.7533
2017-02-25,Average Tone,-0.3386
2017-02-26,Average Tone,-2.2101
2017-02-27,Average Tone,-0.7342
2017-02-28,Average Tone,0
2017-03-01,Average Tone,-5.3345
2017-03-02,Average Tone,-0.277
2017-03-03,Average Tone,-2.7063
2017-03-04,Average Tone,-2.8785
2017-03-05,Average Tone,0
2017-03-06,Average Tone,-3.7906
2017-03-07,Average Tone,-3.8986
2017-03-08,Average Tone,-1.4202
2017-03-09,Average Tone,-0.6432
2017-03-10,Average Tone,-0.8865
2017-03-11,Average Tone,0
2017-03-12,Average Tone,0.2688
2017-03-13,Average Tone,0
2017-03-14,Average Tone,-3.5185
2017-03-15,Average Tone,0
2017-03-16,Average Tone,-1.1868
2017-03-17,Average Tone,1.0106
2017-03-18,Average Tone,1.1583
2017-03-19,Average Tone,-3.3898
2017-03-20,Average Tone,-2.0478
2017-03-21,Average Tone,-0.4963
2017-03-22,Average Tone,0.7407
2017-03-23,Average Tone,0.0503
2017-03-24,Average Tone,-1.6124
2017-03-25,Average Tone,-4.0902
2017-03-26,Average Tone,-3.426
2017-03-27,Average Tone,0.7766
2017-03-28,Average Tone,0
2017-03-29,Average Tone,0
2017-03-30,Average Tone,-1.1173
2017-03-31,Average Tone,-0.1881
2017-04-01,Average Tone,0
2017-04-02,Average Tone,0
2017-04-03,Average Tone,0
2017-04-04,Average Tone,0
2017-04-05,Average Tone,-0.0571
2017-04-06,Average Tone,-0.4032
2017-04-07,Average Tone,-1.2915
2017-04-08,Average Tone,-5.7724
2017-04-09,Average Tone,0
2017-04-10,Average Tone,0
2017-04-11,Average Tone,-0.4032
2017-04-12,Average Tone,-3.7176
2017-04-13,Average Tone,-1.1627
2017-04-14,Average Tone,1.2712
2017-04-15,Average Tone,-1.026
2017-04-16,Average Tone,-0.9901
2017-04-17,Average Tone,0.2847
2017-04-18,Average Tone,-2.656
2017-04-19,Average Tone,-2.656
2017-04-20,Average Tone,-0.1658
2017-04-21,Average Tone,0
2017-04-22,Average Tone,0
2017-04-23,Average Tone,0
2017-04-24,Average Tone,1.4519
2017-04-25,Average Tone,0.3185
2017-04-26,Average Tone,0.3173
2017-04-27,Average Tone,0.2506
2017-04-28,Average Tone,-1.4224
2017-04-29,Average Tone,-1.4167
2017-04-30,Average Tone,0.089
2017-05-01,Average Tone,-1.1197
2017-05-02,Average Tone,-1.5764
2017-05-03,Average Tone,-2.9819
2017-05-04,Average Tone,-1.8939
2017-05-05,Average Tone,-1.3846
2017-05-06,Average Tone,0
2017-05-07,Average Tone,-2.7491
2017-05-08,Average Tone,2.1277
2017-05-09,Average Tone,0
2017-05-10,Average Tone,0.7874
2017-05-11,Average Tone,-0.1849
2017-05-12,Average Tone,1.766
2017-05-13,Average Tone,1.766
2017-05-14,Average Tone,-6
2017-05-15,Average Tone,0
2017-05-16,Average Tone,-1.0597
2017-05-17,Average Tone,-2.6515
2017-05-18,Average Tone,1.1148
2017-05-19,Average Tone,0
2017-05-20,Average Tone,0
2017-05-21,Average Tone,0
2017-05-22,Average Tone,0
2017-05-23,Average Tone,0.4412
2017-05-24,Average Tone,0
2017-05-25,Average Tone,-1.5382
2017-05-26,Average Tone,-0.9067
2017-05-27,Average Tone,0
2017-05-28,Average Tone,-2.6144
2017-05-29,Average Tone,-0.0202
2017-05-30,Average Tone,0
2017-05-31,Average Tone,-4.3478
2017-06-01,Average Tone,0
2017-06-02,Average Tone,-4.4805
2017-06-03,Average Tone,-2.2712
2017-06-04,Average Tone,0
2017-06-05,Average Tone,-0.2792
2017-06-06,Average Tone,0
2017-06-07,Average Tone,-4.2501
2017-06-08,Average Tone,5.5707
2017-06-09,Average Tone,0.7675
2017-06-10,Average Tone,-1.4423
2017-06-11,Average Tone,0
2017-06-12,Average Tone,-0.029
2017-06-13,Average Tone,-3.0782
2017-06-14,Average Tone,-1.8085
2017-06-15,Average Tone,0.0624
2017-06-16,Average Tone,-3.7958
2017-06-17,Average Tone,0
2017-06-18,Average Tone,0
2017-06-19,Average Tone,0.7513
2017-06-20,Average Tone,1.0575
2017-06-21,Average Tone,-3.9697
2017-06-22,Average Tone,-4.2553
2017-06-23,Average Tone,-4.977
2017-06-24,Average Tone,-4.5257
2017-06-25,Average Tone,-4.1892
2017-06-26,Average Tone,0
2017-06-27,Average Tone,1.0331
2017-06-28,Average Tone,-1.1935
2017-06-29,Average Tone,-2.1495
2017-06-30,Average Tone,-0.6649
2017-07-01,Average Tone,0
2017-07-02,Average Tone,-2.266
2017-07-03,Average Tone,0
2017-07-04,Average Tone,-3.52
2017-07-05,Average Tone,-3.6397
2017-07-06,Average Tone,-3.6405
2017-07-07,Average Tone,-4.0916
2017-07-08,Average Tone,0
2017-07-09,Average Tone,-3.0375
2017-07-10,Average Tone,2.5641
2017-07-11,Average Tone,0
2017-07-12,Average Tone,-6.3825
2017-07-13,Average Tone,-2.1465
2017-07-14,Average Tone,-6.7358
2017-07-15,Average Tone,1.6946
2017-07-16,Average Tone,0
2017-07-17,Average Tone,0
2017-07-18,Average Tone,0
2017-07-19,Average Tone,-2.0513
2017-07-20,Average Tone,-0.3811
2017-07-21,Average Tone,4.6296
2017-07-22,Average Tone,0
2017-07-23,Average Tone,-1.4598
2017-07-24,Average Tone,-1.1256
2017-07-25,Average Tone,4.6296
2017-07-26,Average Tone,0
2017-07-27,Average Tone,0
2017-07-28,Average Tone,-0.913
2017-07-29,Average Tone,0
2017-07-30,Average Tone,-1.0949
2017-07-31,Average Tone,-3.8309
2017-08-01,Average Tone,-1.1969
2017-08-02,Average Tone,-3.3223
2017-08-03,Average Tone,0.9095
2017-08-04,Average Tone,-2.9851
2017-08-05,Average Tone,0
2017-08-06,Average Tone,0
2017-08-07,Average Tone,-1.5362
2017-08-08,Average Tone,0.6402
2017-08-09,Average Tone,-1.9964
2017-08-10,Average Tone,-0.4914
2017-08-11,Average Tone,-3.3951
2017-08-12,Average Tone,0
2017-08-13,Average Tone,0
2017-08-14,Average Tone,0
2017-08-15,Average Tone,-2.5773
2017-08-16,Average Tone,-1.6907
2017-08-17,Average Tone,-0.6336
2017-08-18,Average Tone,-1.1399
2017-08-19,Average Tone,0
2017-08-20,Average Tone,0
2017-08-21,Average Tone,-4.7022
2017-08-22,Average Tone,-1.8277
2017-08-23,Average Tone,-4.2553
2017-08-24,Average Tone,1.8957
2017-08-25,Average Tone,-1.4245
2017-08-26,Average Tone,0
2017-08-27,Average Tone,0
2017-08-28,Average Tone,0
2017-08-29,Average Tone,-2.2099
2017-08-30,Average Tone,-2.1352
2017-08-31,Average Tone,0
2017-09-01,Average Tone,0
2017-09-02,Average Tone,0
2017-09-03,Average Tone,0
2017-09-04,Average Tone,0
2017-09-05,Average Tone,0
2017-09-06,Average Tone,0
2017-09-07,Average Tone,-0.6974
2017-09-08,Average Tone,-1.8568
2017-09-09,Average Tone,0
2017-09-10,Average Tone,-1.7378
2017-09-11,Average Tone,0.7435
2017-09-12,Average Tone,0
2017-09-13,Average Tone,-0.8004
2017-09-14,Average Tone,0
2017-09-15,Average Tone,0
2017-09-16,Average Tone,0
2017-09-17,Average Tone,0
2017-09-18,Average Tone,-0.4723
2017-09-19,Average Tone,-5.163
2017-09-20,Average Tone,1.9995
2017-09-21,Average Tone,0
2017-09-22,Average Tone,-0.5333
2017-09-23,Average Tone,0
2017-09-24,Average Tone,0
2017-09-25,Average Tone,0
2017-09-26,Average Tone,-7.732
2017-09-27,Average Tone,0
2017-09-28,Average Tone,-1.6013
2017-09-29,Average Tone,-0.0954
2017-09-30,Average Tone,0.3185
2017-10-01,Average Tone,0
2017-10-02,Average Tone,0
2017-10-03,Average Tone,0
2017-10-04,Average Tone,-3.3127
2017-10-05,Average Tone,-3.4979
2017-10-06,Average Tone,-0.7063
2017-10-07,Average Tone,0
2017-10-08,Average Tone,-1.0816
2017-10-09,Average Tone,0
2017-10-10,Average Tone,-1.791
2017-10-11,Average Tone,1.1588
2017-10-12,Average Tone,0.9592
2017-10-13,Average Tone,-2.6119
2017-10-14,Average Tone,-4.1781
2017-10-15,Average Tone,0
2017-10-16,Average Tone,-2.9638
2017-10-17,Average Tone,-1.2276
2017-10-18,Average Tone,-0.4785
2017-10-19,Average Tone,0
2017-10-20,Average Tone,0
2017-10-21,Average Tone,-0.212
2017-10-22,Average Tone,0
2017-10-23,Average Tone,-0.0464
2017-10-24,Average Tone,-0.9493
2017-10-25,Average Tone,-3.336
2017-10-26,Average Tone,-3.4063
2017-10-27,Average Tone,-2.1782
2017-10-28,Average Tone,0
2017-10-29,Average Tone,-2.0548
2017-10-30,Average Tone,0
2017-10-31,Average Tone,0
2017-11-01,Average Tone,-2.6182
2017-11-02,Average Tone,0
2017-11-03,Average Tone,0
2017-11-04,Average Tone,-3.7634
2017-11-05,Average Tone,0
2017-11-06,Average Tone,-3.9563
2017-11-07,Average Tone,0
2017-11-08,Average Tone,-0.8662
2017-11-09,Average Tone,0.2597
2017-11-10,Average Tone,-3.2468
2017-11-11,Average Tone,0
2017-11-12,Average Tone,-5.0268
2017-11-13,Average Tone,-2.6108
2017-11-14,Average Tone,-1.8817
2017-11-15,Average Tone,-1.9764
2017-11-16,Average Tone,0
2017-11-17,Average Tone,0
2017-11-18,Average Tone,0
2017-11-19,Average Tone,0
2017-11-20,Average Tone,0
2017-11-21,Average Tone,0
2017-11-22,Average Tone,0
2017-11-23,Average Tone,0
2017-11-24,Average Tone,2.6711
2017-11-25,Average Tone,-0.3965
2017-11-26,Average Tone,2.6711
2017-11-27,Average Tone,0.9096
2017-11-28,Average Tone,0
2017-11-29,Average Tone,0
2017-11-30,Average Tone,0
2017-12-03,Average Tone,0
2017-12-04,Average Tone,0
2017-12-05,Average Tone,0
2017-12-06,Average Tone,-2.4441
2017-12-07,Average Tone,-3.6403
2017-12-08,Average Tone,0
2017-12-09,Average Tone,0.5195
2017-12-10,Average Tone,0
2017-12-11,Average Tone,0
2017-12-12,Average Tone,0
2017-12-13,Average Tone,-0.8542
2017-12-14,Average Tone,-3.3493
2017-12-15,Average Tone,0
2017-12-16,Average Tone,0
2017-12-17,Average Tone,0
2017-12-18,Average Tone,-0.443
2017-12-19,Average Tone,0
2017-12-20,Average Tone,0
2017-12-21,Average Tone,3.1746
2017-12-22,Average Tone,0
2017-12-23,Average Tone,0
2017-12-24,Average Tone,0
2017-12-25,Average Tone,0
2017-12-26,Average Tone,0
2017-12-27,Average Tone,0
2017-12-28,Average Tone,0
2017-12-29,Average Tone,0
2017-12-30,Average Tone,0
2017-12-31,Average Tone,0
2018-01-01,Average Tone,0
2018-01-02,Average Tone,0
2018-01-03,Average Tone,-0.8127
2018-01-04,Average Tone,0
2018-01-05,Average Tone,-2.496
2018-01-06,Average Tone,-0.7165
2018-01-07,Average Tone,-1.2821
2018-01-08,Average Tone,-1.3602
2018-01-09,Average Tone,0
2018-01-10,Average Tone,0
2018-01-11,Average Tone,0
2018-01-12,Average Tone,0
2018-01-13,Average Tone,0
2018-01-14,Average Tone,0
2018-01-15,Average Tone,0
2018-01-16,Average Tone,0
2018-01-17,Average Tone,0
2018-01-18,Average Tone,-2.9362
2018-01-19,Average Tone,-3.1818
2018-01-20,Average Tone,-3.0303
2018-01-21,Average Tone,0
2018-01-22,Average Tone,-2.4799
2018-01-23,Average Tone,0
2018-01-24,Average Tone,1.2422
2018-01-25,Average Tone,0
2018-01-26,Average Tone,0
2018-01-27,Average Tone,0
2018-01-28,Average Tone,0
2018-01-29,Average Tone,0
2018-01-30,Average Tone,0
2018-01-31,Average Tone,-1.5613
2018-02-01,Average Tone,-1.2702
2018-02-02,Average Tone,0
2018-02-03,Average Tone,-1.2318
2018-02-04,Average Tone,0
2018-02-05,Average Tone,0
2018-02-06,Average Tone,-3.3489
2018-02-07,Average Tone,-0.2077
2018-02-08,Average Tone,0
2018-02-09,Average Tone,0
2018-02-10,Average Tone,0
2018-02-11,Average Tone,-2.3438
2018-02-12,Average Tone,0
2018-02-13,Average Tone,-0.7273
2018-02-14,Average Tone,0
2018-02-15,Average Tone,-0.7273
2018-02-16,Average Tone,0
2018-02-17,Average Tone,0
2018-02-18,Average Tone,0
2018-02-19,Average Tone,0
2018-02-20,Average Tone,0
2018-02-21,Average Tone,0
2018-02-22,Average Tone,0
2018-02-23,Average Tone,0
2018-02-24,Average Tone,0
2018-02-25,Average Tone,0
2018-02-26,Average Tone,-1.0944
2018-02-27,Average Tone,0
2018-02-28,Average Tone,0
2018-03-01,Average Tone,0
2018-03-02,Average Tone,-1.4682
2018-03-03,Average Tone,0
2018-03-04,Average Tone,0
2018-03-05,Average Tone,0
2018-03-06,Average Tone,0
2018-03-07,Average Tone,0
2018-03-08,Average Tone,-3.0952
2018-03-09,Average Tone,0
2018-03-10,Average Tone,0
2018-03-11,Average Tone,0
2018-03-12,Average Tone,-3.7999
2018-03-13,Average Tone,-7.1727
2018-03-14,Average Tone,0
2018-03-15,Average Tone,-2.1132
2018-03-16,Average Tone,0
2018-03-17,Average Tone,0
2018-03-18,Average Tone,-0.7612
2018-03-19,Average Tone,0
2018-03-20,Average Tone,0
2018-03-21,Average Tone,-0.2705
2018-03-22,Average Tone,0
2018-03-23,Average Tone,1.613
2018-03-24,Average Tone,0
2018-03-25,Average Tone,0
2018-03-26,Average Tone,0
2018-03-27,Average Tone,-2.5761
2018-03-28,Average Tone,0
2018-03-29,Average Tone,-2.4599
2018-03-30,Average Tone,0
2018-03-31,Average Tone,4.5783
2018-04-01,Average Tone,2.71
2018-04-02,Average Tone,0
2018-04-03,Average Tone,0
2018-04-04,Average Tone,0
2018-04-05,Average Tone,-2.6515
2018-04-06,Average Tone,1.1679
2018-04-07,Average Tone,0
2018-04-08,Average Tone,0
2018-04-09,Average Tone,0
2018-04-10,Average Tone,-2.5057
2018-04-11,Average Tone,0
2018-04-12,Average Tone,0
2018-04-13,Average Tone,1.0189
2018-04-14,Average Tone,0
2018-04-15,Average Tone,0
2018-04-16,Average Tone,0
2018-04-17,Average Tone,0
2018-04-18,Average Tone,0
2018-04-19,Average Tone,-3.0369
2018-04-20,Average Tone,0
2018-04-21,Average Tone,0.9025
2018-04-22,Average Tone,0
2018-04-23,Average Tone,0.6944
2018-04-24,Average Tone,0
2018-04-25,Average Tone,-1.3115
2018-04-26,Average Tone,0.6944
2018-04-27,Average Tone,0.6944
2018-04-28,Average Tone,-1.3405
2018-04-29,Average Tone,0
2018-04-30,Average Tone,-1.4053
2018-05-01,Average Tone,0
2018-05-02,Average Tone,-3.7736
2018-05-03,Average Tone,0.0923
2018-05-04,Average Tone,-0.7402
2018-05-05,Average Tone,0.3759
2018-05-06,Average Tone,-4.2005
2018-05-07,Average Tone,0.3831
2018-05-08,Average Tone,0
2018-05-09,Average Tone,0
2018-05-10,Average Tone,-3.6739
2018-05-11,Average Tone,0
2018-05-12,Average Tone,0
2018-05-13,Average Tone,-3.6739
2018-05-14,Average Tone,-4.6875
2018-05-15,Average Tone,0
2018-05-16,Average Tone,0
2018-05-17,Average Tone,-2.1651
2018-05-18,Average Tone,-0.2993
2018-05-19,Average Tone,0
2018-05-20,Average Tone,-5.3297
2018-05-21,Average Tone,-4.2271
2018-05-22,Average Tone,5.0584
2018-05-23,Average Tone,-1.0381
2018-05-24,Average Tone,-0.439
2018-05-25,Average Tone,-0.6221
2018-05-26,Average Tone,0.4814
2018-05-27,Average Tone,-3.7809
2018-05-28,Average Tone,-0.957
2018-05-29,Average Tone,-1.3983
2018-05-30,Average Tone,-4.9231
2018-05-31,Average Tone,-1.5767
2018-06-01,Average Tone,-0.8785
2018-06-02,Average Tone,0
2018-06-03,Average Tone,-3.3579
2018-06-04,Average Tone,-1.084
2018-06-05,Average Tone,-4.0386
2018-06-06,Average Tone,-4.1683
2018-06-07,Average Tone,-2.3241
2018-06-08,Average Tone,-1.8558
2018-06-09,Average Tone,0
2018-06-10,Average Tone,-0.5222
2018-06-11,Average Tone,-5.9034
2018-06-12,Average Tone,-1.5284
2018-06-13,Average Tone,1.1799
2018-06-14,Average Tone,-0.0581
2018-06-15,Average Tone,-4.5315
2018-06-16,Average Tone,0
2018-06-17,Average Tone,0.5026
2018-06-18,Average Tone,0
2018-06-19,Average Tone,-1.9106
2018-06-20,Average Tone,-1.4813
2018-06-21,Average Tone,-0.8377
2018-06-22,Average Tone,-2.087
2018-06-23,Average Tone,-2.1422
2018-06-24,Average Tone,-1.7148
2018-06-25,Average Tone,-0.458
2018-06-26,Average Tone,-1.6466
2018-06-27,Average Tone,-5.3451
2018-06-28,Average Tone,-0.155
2018-06-29,Average Tone,-0.7477
2018-06-30,Average Tone,-4.4818
2018-07-01,Average Tone,0
2018-07-02,Average Tone,-2.1077
2018-07-03,Average Tone,-2.1077
2018-07-04,Average Tone,-0.6928
2018-07-05,Average Tone,-2.381
2018-07-06,Average Tone,0.5919
2018-07-07,Average Tone,-0.7407
2018-07-08,Average Tone,-1.3054
2018-07-09,Average Tone,-0.3651
2018-07-10,Average Tone,-1.5626
2018-07-11,Average Tone,0
2018-07-12,Average Tone,0
2018-07-13,Average Tone,0
2018-07-14,Average Tone,0
2018-07-15,Average Tone,0
2018-07-16,Average Tone,0
2018-07-17,Average Tone,0
2018-07-18,Average Tone,-2.1442
2018-07-19,Average Tone,-1.7397
2018-07-20,Average Tone,-3.4839
2018-07-21,Average Tone,-1.6956
2018-07-22,Average Tone,-4.0302
2018-07-23,Average Tone,-3.588
2018-07-24,Average Tone,-3.9404
2018-07-25,Average Tone,-0.9456
2018-07-26,Average Tone,-3.4965
2018-07-27,Average Tone,-3.132
2018-07-28,Average Tone,0
2018-07-29,Average Tone,-0.5917
2018-07-30,Average Tone,0.0844
2018-07-31,Average Tone,-0.523
2018-08-01,Average Tone,0
2018-08-02,Average Tone,-1.021
2018-08-03,Average Tone,-3.6735
2018-08-04,Average Tone,0
2018-08-05,Average Tone,0
2018-08-06,Average Tone,-1.4839
2018-08-07,Average Tone,0
2018-08-08,Average Tone,0
2018-08-09,Average Tone,-2.5586
2018-08-10,Average Tone,0
2018-08-11,Average Tone,0
2018-08-12,Average Tone,0
2018-08-13,Average Tone,2.7972
2018-08-14,Average Tone,0.0917
2018-08-15,Average Tone,0
2018-08-16,Average Tone,0
2018-08-17,Average Tone,0
2018-08-18,Average Tone,0
2018-08-19,Average Tone,0
2018-08-20,Average Tone,0
2018-08-21,Average Tone,-2.0566
2018-08-22,Average Tone,-2.6316
2018-08-23,Average Tone,-1.8776
2018-08-24,Average Tone,0
2018-08-25,Average Tone,-0.4337
2018-08-26,Average Tone,0
2018-08-27,Average Tone,-2.1182
2018-08-28,Average Tone,0
2018-08-29,Average Tone,0
2018-08-30,Average Tone,-1.6024
2018-08-31,Average Tone,-1.2483
2018-09-01,Average Tone,-1.6667
2018-09-02,Average Tone,0
2018-09-03,Average Tone,0
2018-09-04,Average Tone,-1.7509
2018-09-05,Average Tone,1.75
2018-09-06,Average Tone,0
2018-09-07,Average Tone,0
2018-09-08,Average Tone,0
2018-09-09,Average Tone,0
2018-09-10,Average Tone,0
2018-09-11,Average Tone,0
2018-09-12,Average Tone,0
2018-09-13,Average Tone,-0.3344
2018-09-14,Average Tone,3.0717
2018-09-15,Average Tone,1.3175
2018-09-16,Average Tone,1.6393
2018-09-17,Average Tone,-2.9963
2018-09-18,Average Tone,-1.1971
2018-09-19,Average Tone,-1.1184
2018-09-20,Average Tone,0
2018-09-21,Average Tone,-2.1034
2018-09-22,Average Tone,-0.9444
2018-09-23,Average Tone,0
2018-09-24,Average Tone,-2.8792
2018-09-25,Average Tone,0
2018-09-26,Average Tone,-2.8571
2018-09-27,Average Tone,-5.6982
2018-09-28,Average Tone,0
2018-09-29,Average Tone,0
2018-09-30,Average Tone,0
2018-10-01,Average Tone,-2.9023
2018-10-02,Average Tone,-2.6198
2018-10-03,Average Tone,0
2018-10-04,Average Tone,0
2018-10-05,Average Tone,-3.366
2018-10-06,Average Tone,0
2018-10-07,Average Tone,-4.415
2018-10-08,Average Tone,0
2018-10-09,Average Tone,-2.593
2018-10-10,Average Tone,-1.3141
2018-10-11,Average Tone,0
2018-10-12,Average Tone,-0.6278
2018-10-13,Average Tone,-0.6891
2018-10-14,Average Tone,-2.6079
2018-10-15,Average Tone,-2.013
2018-10-16,Average Tone,-5.2632
2018-10-17,Average Tone,2.6427
2018-10-18,Average Tone,6.7367
2018-10-19,Average Tone,-3.672
2018-10-20,Average Tone,2.028
2018-10-21,Average Tone,-2.8002
2018-10-22,Average Tone,0
2018-10-23,Average Tone,0
2018-10-24,Average Tone,0
2018-10-25,Average Tone,0
2018-10-26,Average Tone,3.7543
2018-10-27,Average Tone,-2.8028
2018-10-28,Average Tone,3.7543
2018-10-29,Average Tone,0
2018-10-30,Average Tone,0
2018-10-31,Average Tone,0
2018-11-01,Average Tone,-2.999
2018-11-02,Average Tone,-1.1748
2018-11-03,Average Tone,0
2018-11-04,Average Tone,0
2018-11-05,Average Tone,0
2018-11-06,Average Tone,0
2018-11-07,Average Tone,0
2018-11-08,Average Tone,-0.5976
2018-11-09,Average Tone,0
2018-11-10,Average Tone,0
2018-11-11,Average Tone,0
2018-11-12,Average Tone,0
2018-11-13,Average Tone,-0.385
2018-11-14,Average Tone,0
2018-11-15,Average Tone,0.4525
2018-11-16,Average Tone,-9.6774
2018-11-17,Average Tone,0
2018-11-18,Average Tone,0
2018-11-19,Average Tone,-3.8077
2018-11-20,Average Tone,-4.9548
2018-11-21,Average Tone,0
2018-11-22,Average Tone,-2.6538
2018-11-23,Average Tone,0
2018-11-24,Average Tone,0
2018-11-25,Average Tone,0.0743
2018-11-26,Average Tone,-2.7778
2018-11-27,Average Tone,0
2018-11-28,Average Tone,-8.7898
2018-11-29,Average Tone,0
2018-11-30,Average Tone,-2.8028
2018-12-01,Average Tone,0
2018-12-02,Average Tone,0
2018-12-03,Average Tone,0
2018-12-04,Average Tone,0
2018-12-05,Average Tone,0
2018-12-06,Average Tone,0
2018-12-07,Average Tone,0
2018-12-08,Average Tone,0
2018-12-09,Average Tone,0
2018-12-10,Average Tone,0
2018-12-11,Average Tone,-2.2715
2018-12-12,Average Tone,-2.7273
2018-12-13,Average Tone,0
2018-12-14,Average Tone,-2.8641
2018-12-15,Average Tone,0
2018-12-16,Average Tone,0
2018-12-17,Average Tone,-2.6264
2018-12-18,Average Tone,-0.9737
2018-12-19,Average Tone,0
2018-12-20,Average Tone,0
2018-12-21,Average Tone,0.3236
2018-12-22,Average Tone,0
2018-12-23,Average Tone,0
2018-12-24,Average Tone,0
2018-12-25,Average Tone,0
2018-12-26,Average Tone,0
2018-12-27,Average Tone,0
2018-12-28,Average Tone,-2.1807
2018-12-29,Average Tone,0
2018-12-30,Average Tone,-5.6456
2018-12-31,Average Tone,0
2019-01-01,Average Tone,0
2019-01-02,Average Tone,1.1732
2019-01-03,Average Tone,-1.4658
2019-01-04,Average Tone,0.2375
2019-01-05,Average Tone,-2.0359
2019-01-06,Average Tone,-2.8028
2019-01-07,Average Tone,0
2019-01-08,Average Tone,-0.9354
2019-01-09,Average Tone,0
2019-01-10,Average Tone,-2.0301
2019-01-11,Average Tone,0
2019-01-12,Average Tone,0
2019-01-13,Average Tone,-3.9189
2019-01-14,Average Tone,0
2019-01-15,Average Tone,0
2019-01-16,Average Tone,-2.5805
2019-01-17,Average Tone,-3.4623
2019-01-18,Average Tone,0
2019-01-19,Average Tone,-2.6768
2019-01-20,Average Tone,-0.1043
2019-01-21,Average Tone,0
2019-01-22,Average Tone,0
2019-01-23,Average Tone,0
2019-01-24,Average Tone,0
2019-01-25,Average Tone,0
2019-01-26,Average Tone,0
2019-01-27,Average Tone,-4.2826
2019-01-28,Average Tone,-2.0566
2019-01-29,Average Tone,0
2019-01-30,Average Tone,0
2019-01-31,Average Tone,-0.2167
2019-02-01,Average Tone,0
2019-02-02,Average Tone,0
2019-02-03,Average Tone,0.1671
2019-02-04,Average Tone,0
2019-02-05,Average Tone,0
2019-02-06,Average Tone,0
2019-02-07,Average Tone,0
2019-02-08,Average Tone,0
2019-02-09,Average Tone,0
2019-02-10,Average Tone,0
2019-02-11,Average Tone,0
2019-02-12,Average Tone,-3.7267
2019-02-13,Average Tone,-0.5988
2019-02-14,Average Tone,-1.232
2019-02-15,Average Tone,-4.3088
2019-02-16,Average Tone,-5.6452
2019-02-17,Average Tone,0
2019-02-18,Average Tone,0
2019-02-19,Average Tone,-7.3284
2019-02-20,Average Tone,-3.317
2019-02-21,Average Tone,0
2019-02-22,Average Tone,0
2019-02-23,Average Tone,0
2019-02-24,Average Tone,-6.383
2019-02-25,Average Tone,-4.642
2019-02-26,Average Tone,-0.7384
2019-02-27,Average Tone,-0.9768
2019-02-28,Average Tone,0
2019-03-01,Average Tone,0
2019-03-02,Average Tone,-0.5477
2019-03-03,Average Tone,0
2019-03-04,Average Tone,-0.1742
2019-03-05,Average Tone,0
2019-03-06,Average Tone,-1.1484
2019-03-07,Average Tone,0
2019-03-08,Average Tone,-1.4922
2019-03-09,Average Tone,-2.3489
2019-03-10,Average Tone,0
2019-03-11,Average Tone,0
2019-03-12,Average Tone,0
2019-03-13,Average Tone,-1.1513
2019-03-14,Average Tone,0
2019-03-15,Average Tone,0
2019-03-16,Average Tone,0
2019-03-17,Average Tone,1.7559
2019-03-18,Average Tone,0
2019-03-19,Average Tone,1.7559
2019-03-20,Average Tone,0
2019-03-21,Average Tone,0
2019-03-22,Average Tone,0
2019-03-23,Average Tone,0
2019-03-24,Average Tone,0
2019-03-25,Average Tone,0
2019-03-26,Average Tone,-3.941
2019-03-27,Average Tone,0
2019-03-28,Average Tone,0
2019-03-29,Average Tone,0
2019-03-30,Average Tone,0
2019-03-31,Average Tone,0
2019-04-01,Average Tone,0
2019-04-02,Average Tone,0
2019-04-03,Average Tone,0
2019-04-04,Average Tone,-4.9635
2019-04-05,Average Tone,-0.2151
2019-04-06,Average Tone,-0.2151
2019-04-07,Average Tone,0
2019-04-08,Average Tone,-2.0626
2019-04-09,Average Tone,-1.1966
2019-04-10,Average Tone,0
2019-04-11,Average Tone,0
2019-04-12,Average Tone,-1.971
2019-04-13,Average Tone,2.0833
2019-04-14,Average Tone,1.5801
2019-04-15,Average Tone,0.2798
2019-04-16,Average Tone,0
2019-04-17,Average Tone,-2.7629
2019-04-18,Average Tone,0.9234
2019-04-19,Average Tone,-3.5556
2019-04-20,Average Tone,-3.985
2019-04-21,Average Tone,-1.5453
2019-04-22,Average Tone,0.9821
2019-04-23,Average Tone,-1.2668
2019-04-24,Average Tone,0
2019-04-25,Average Tone,0
2019-04-26,Average Tone,-2.0179
2019-04-27,Average Tone,0
2019-04-28,Average Tone,0
2019-04-29,Average Tone,-2.1802
2019-04-30,Average Tone,-8.5239
2019-05-01,Average Tone,0
2019-05-02,Average Tone,0
2019-05-03,Average Tone,-3.9852
2019-05-04,Average Tone,0
2019-05-05,Average Tone,0
2019-05-06,Average Tone,-1.7361
2019-05-07,Average Tone,0
2019-05-08,Average Tone,-5.2147
2019-05-09,Average Tone,-2.1569
2019-05-10,Average Tone,-2.6597
2019-05-11,Average Tone,-3.1712
2019-05-12,Average Tone,0
2019-05-13,Average Tone,0
2019-05-14,Average Tone,-5.6169
2019-05-15,Average Tone,0
2019-05-16,Average Tone,0
2019-05-17,Average Tone,0
2019-05-18,Average Tone,0
2019-05-19,Average Tone,0
2019-05-20,Average Tone,0
2019-05-21,Average Tone,-2.1234
2019-05-22,Average Tone,-2.6027
2019-05-23,Average Tone,-2.0602
2019-05-24,Average Tone,0.5217
2019-05-25,Average Tone,0
2019-05-26,Average Tone,-2.1573
2019-05-27,Average Tone,0
2019-05-28,Average Tone,0
2019-05-29,Average Tone,0
2019-05-30,Average Tone,0
2019-05-31,Average Tone,0
2019-06-01,Average Tone,0
2019-06-02,Average Tone,0
2019-06-03,Average Tone,0
2019-06-04,Average Tone,0
2019-06-05,Average Tone,4.7794
2019-06-06,Average Tone,0
2019-06-07,Average Tone,0
2019-06-08,Average Tone,0
2019-06-09,Average Tone,0
2019-06-10,Average Tone,0
2019-06-11,Average Tone,-2.4038
2019-06-12,Average Tone,-4.6422
2019-06-13,Average Tone,-2.1501
2019-06-14,Average Tone,0
2019-06-15,Average Tone,0
2019-06-16,Average Tone,0
2019-06-17,Average Tone,0
2019-06-18,Average Tone,-0.2481
2019-06-19,Average Tone,-3.8352
2019-06-20,Average Tone,0
2019-06-21,Average Tone,0
2019-06-22,Average Tone,0
2019-06-23,Average Tone,-5.3821
2019-06-24,Average Tone,0
2019-06-25,Average Tone,-2.4482
2019-06-26,Average Tone,0
2019-06-27,Average Tone,0
2019-06-28,Average Tone,0
2019-06-29,Average Tone,0
2019-06-30,Average Tone,-1.0855
2019-07-01,Average Tone,-3.4091
2019-07-02,Average Tone,0
2019-07-03,Average Tone,0
2019-07-04,Average Tone,0
2019-07-05,Average Tone,0.2857
2019-07-06,Average Tone,0
2019-07-07,Average Tone,0
2019-07-08,Average Tone,-1.9139
2019-07-09,Average Tone,0
2019-07-10,Average Tone,0
2019-07-11,Average Tone,-3.5714
2019-07-12,Average Tone,-1.4161
2019-07-13,Average Tone,0.3352
2019-07-14,Average Tone,-3.9246
2019-07-15,Average Tone,0
2019-07-16,Average Tone,-6.8493
2019-07-17,Average Tone,-2.9648
2019-07-18,Average Tone,-1.1457
2019-07-19,Average Tone,-2.1382
2019-07-20,Average Tone,0
2019-07-21,Average Tone,-0.1139
2019-07-22,Average Tone,0
2019-07-23,Average Tone,0
2019-07-24,Average Tone,-4.6339
2019-07-25,Average Tone,0
2019-07-26,Average Tone,0
2019-07-27,Average Tone,0
2019-07-28,Average Tone,0
2019-07-29,Average Tone,0
2019-07-30,Average Tone,0
2019-07-31,Average Tone,-1.2516
2019-08-01,Average Tone,0
2019-08-02,Average Tone,0
2019-08-03,Average Tone,0
2019-08-04,Average Tone,-2.8008
2019-08-05,Average Tone,-2.0113
2019-08-06,Average Tone,0
2019-08-07,Average Tone,-0.7246
2019-08-08,Average Tone,0.601
2019-08-09,Average Tone,-6.267
2019-08-10,Average Tone,0
2019-08-11,Average Tone,0
2019-08-12,Average Tone,0
2019-08-13,Average Tone,0
2019-08-14,Average Tone,-3.623
2019-08-15,Average Tone,0
2019-08-16,Average Tone,-2.1429
2019-08-17,Average Tone,0
2019-08-18,Average Tone,-2.7669
2019-08-19,Average Tone,0
2019-08-20,Average Tone,0
2019-08-21,Average Tone,0
2019-08-22,Average Tone,0
2019-08-23,Average Tone,-0.8559
2019-08-24,Average Tone,0
2019-08-25,Average Tone,0
2019-08-26,Average Tone,0
2019-08-27,Average Tone,0
2019-08-28,Average Tone,1.2346
2019-08-29,Average Tone,0
2019-08-30,Average Tone,0
2019-08-31,Average Tone,0
2019-09-01,Average Tone,0
2019-09-02,Average Tone,-5.1608
2019-09-03,Average Tone,-5.215
2019-09-04,Average Tone,-0.6154
2019-09-05,Average Tone,-3.9722
2019-09-06,Average Tone,-3.077
2019-09-07,Average Tone,0
2019-09-08,Average Tone,-5.291
2019-09-09,Average Tone,0
2019-09-10,Average Tone,-2.1479
2019-09-11,Average Tone,0
2019-09-12,Average Tone,0
2019-09-13,Average Tone,0
2019-09-14,Average Tone,0
2019-09-15,Average Tone,0
2019-09-16,Average Tone,0
2019-09-17,Average Tone,1.9647
2019-09-18,Average Tone,-0.2933
2019-09-19,Average Tone,0
2019-09-20,Average Tone,-3.8298
2019-09-21,Average Tone,0
2019-09-22,Average Tone,-2.2059
2019-09-23,Average Tone,-2.8028
2019-09-24,Average Tone,-2.2271
2019-09-25,Average Tone,3.8462
2019-09-26,Average Tone,0
2019-09-27,Average Tone,-1.0204
2019-09-28,Average Tone,-1.0204
2019-09-29,Average Tone,-1.958
2019-09-30,Average Tone,0
2019-10-01,Average Tone,0
2019-10-02,Average Tone,0
2019-10-03,Average Tone,0
2019-10-04,Average Tone,0
2019-10-05,Average Tone,0
2019-10-06,Average Tone,0
2019-10-07,Average Tone,0
2019-10-08,Average Tone,0
2019-10-09,Average Tone,0
2019-10-10,Average Tone,0
2019-10-11,Average Tone,0
2019-10-12,Average Tone,-3.1475
2019-10-13,Average Tone,0
2019-10-14,Average Tone,-4.6578
2019-10-15,Average Tone,0
2019-10-16,Average Tone,2.0979
2019-10-17,Average Tone,-2.4438
2019-10-18,Average Tone,-3.0292
2019-10-19,Average Tone,0
2019-10-20,Average Tone,0
2019-10-21,Average Tone,-1.9355
2019-10-22,Average Tone,0
2019-10-23,Average Tone,0.6614
2019-10-24,Average Tone,-1.97
2019-10-25,Average Tone,0
2019-10-26,Average Tone,0
2019-10-27,Average Tone,0
2019-10-28,Average Tone,3.6765
2019-10-29,Average Tone,0
2019-10-30,Average Tone,0
2019-10-31,Average Tone,-2.2399
2019-11-01,Average Tone,0
2019-11-02,Average Tone,0
2019-11-03,Average Tone,0
2019-11-04,Average Tone,0
2019-11-05,Average Tone,-1.6041
2019-11-06,Average Tone,0
2019-11-07,Average Tone,-0.8677
2019-11-08,Average Tone,-0.6873
2019-11-09,Average Tone,0
2019-11-10,Average Tone,1.5534
2019-11-11,Average Tone,0
2019-11-12,Average Tone,-13.3333
2019-11-13,Average Tone,0
2019-11-14,Average Tone,0
2019-11-15,Average Tone,0
2019-11-16,Average Tone,0
2019-11-17,Average Tone,0
2019-11-18,Average Tone,0
2019-11-19,Average Tone,-0.7301
2019-11-20,Average Tone,-1.5366
2019-11-21,Average Tone,1.9965
2019-11-22,Average Tone,0
2019-11-23,Average Tone,0
2019-11-24,Average Tone,0
2019-11-25,Average Tone,-2.1949
2019-11-26,Average Tone,-2.973
2019-11-27,Average Tone,-2.973
2019-11-28,Average Tone,-2.973
2019-11-29,Average Tone,0
2019-11-30,Average Tone,-3.1345
2019-12-01,Average Tone,-3.17
2019-12-02,Average Tone,-3.1646
2019-12-03,Average Tone,-3.1011
2019-12-04,Average Tone,-1.4577
2019-12-05,Average Tone,-3.1646
2019-12-06,Average Tone,-3.1646
2019-12-07,Average Tone,0
2019-12-08,Average Tone,0
2019-12-09,Average Tone,0
2019-12-10,Average Tone,0
2019-12-11,Average Tone,0
2019-12-12,Average Tone,0
2019-12-13,Average Tone,-0.5971
2019-12-14,Average Tone,0
2019-12-15,Average Tone,-2.3536
2019-12-16,Average Tone,0
2019-12-17,Average Tone,0
2019-12-18,Average Tone,0
2019-12-19,Average Tone,0
2019-12-20,Average Tone,-4.3621
2019-12-21,Average Tone,0
2019-12-22,Average Tone,0
2019-12-23,Average Tone,0
2019-12-24,Average Tone,0
2019-12-25,Average Tone,0
2019-12-26,Average Tone,-8.2931
2019-12-27,Average Tone,-5.039
2019-12-28,Average Tone,-1.3825
2019-12-29,Average Tone,0
2019-12-30,Average Tone,-0.922
2019-12-31,Average Tone,-1.115
2020-01-01,Average Tone,0
2020-01-02,Average Tone,0
2020-01-03,Average Tone,-3.3557
2020-01-04,Average Tone,-1.8148
2020-01-05,Average Tone,-2.385
2020-01-06,Average Tone,-5.5903
2020-01-07,Average Tone,-4.7767
2020-01-08,Average Tone,-5.2574
2020-01-09,Average Tone,-2.8281
2020-01-10,Average Tone,0
2020-01-11,Average Tone,-2.7897
2020-01-12,Average Tone,-3.7249
2020-01-13,Average Tone,0
2020-01-14,Average Tone,0
2020-01-15,Average Tone,0
2020-01-16,Average Tone,-9.7126
2020-01-17,Average Tone,-0.5764
2020-01-18,Average Tone,0
2020-01-19,Average Tone,-1.6213
2020-01-20,Average Tone,-5.9794
2020-01-21,Average Tone,0
2020-01-22,Average Tone,-2.7295
2020-01-23,Average Tone,0
2020-01-24,Average Tone,3.6959
2020-01-25,Average Tone,0
2020-01-26,Average Tone,0
2020-01-27,Average Tone,-3.0303
2020-01-28,Average Tone,0
2020-01-29,Average Tone,-1.8768
2020-01-30,Average Tone,0
2020-01-31,Average Tone,0
2020-02-01,Average Tone,0
2020-02-02,Average Tone,0
2020-02-03,Average Tone,0
2020-02-04,Average Tone,-0.4533
2020-02-05,Average Tone,0
2020-02-06,Average Tone,-2.0408
2020-02-07,Average Tone,0
2020-02-08,Average Tone,-2.4295
2020-02-09,Average Tone,0
2020-02-10,Average Tone,-1.9678
2020-02-11,Average Tone,0
2020-02-12,Average Tone,0
2020-02-13,Average Tone,0
2020-02-14,Average Tone,-0.9367
2020-02-15,Average Tone,0
2020-02-16,Average Tone,0
2020-02-17,Average Tone,-3.4653
2020-02-18,Average Tone,0
2020-02-19,Average Tone,0
2020-02-20,Average Tone,0
2020-02-21,Average Tone,0
2020-02-22,Average Tone,0
2020-02-23,Average Tone,0
2020-02-24,Average Tone,2.5436
2020-02-25,Average Tone,0
2020-02-26,Average Tone,-2.1986
2020-02-27,Average Tone,0
2020-02-28,Average Tone,2.8283
2020-02-29,Average Tone,-4.1037
2020-03-01,Average Tone,0
2020-03-02,Average Tone,0
2020-03-03,Average Tone,0
2020-03-04,Average Tone,-4.7957
2020-03-05,Average Tone,-1.5142
2020-03-06,Average Tone,0
2020-03-07,Average Tone,-3.3398
2020-03-08,Average Tone,0
2020-03-09,Average Tone,-2.7254
2020-03-10,Average Tone,-2.8
2020-03-11,Average Tone,-3.265
2020-03-12,Average Tone,-3.0876
2020-03-13,Average Tone,-2.6469
2020-03-14,Average Tone,-2.6316
2020-03-15,Average Tone,0
2020-03-16,Average Tone,-4.1279
2020-03-17,Average Tone,0
2020-03-18,Average Tone,0
2020-03-19,Average Tone,0
2020-03-20,Average Tone,0
2020-03-21,Average Tone,0
2020-03-22,Average Tone,0
2020-03-23,Average Tone,-3.1283
2020-03-24,Average Tone,4.5607
2020-03-25,Average Tone,-1.7176
2020-03-26,Average Tone,0
2020-03-27,Average Tone,0
2020-03-28,Average Tone,0
2020-03-29,Average Tone,0
2020-03-30,Average Tone,0
2020-03-31,Average Tone,0
2020-04-01,Average Tone,-2.9291
2020-04-02,Average Tone,-3.5463
2020-04-03,Average Tone,0
2020-04-04,Average Tone,-2.7823
2020-04-05,Average Tone,0
2020-04-06,Average Tone,1.3254
2020-04-07,Average Tone,0
2020-04-08,Average Tone,0
2020-04-09,Average Tone,0
2020-04-10,Average Tone,0
2020-04-11,Average Tone,-0.3155
2020-04-12,Average Tone,0
2020-04-13,Average Tone,0
2020-04-14,Average Tone,0
2020-04-15,Average Tone,0
2020-04-16,Average Tone,0
2020-04-17,Average Tone,0
2020-04-18,Average Tone,-2.687
2020-04-19,Average Tone,0
2020-04-20,Average Tone,-4.2917
2020-04-21,Average Tone,-3.4548
2020-04-22,Average Tone,-4.2394
2020-04-23,Average Tone,0
2020-04-24,Average Tone,0
2020-04-25,Average Tone,-4.2017
2020-04-26,Average Tone,-4.2394
2020-04-27,Average Tone,0
2020-04-28,Average Tone,0
2020-04-29,Average Tone,0
2020-04-30,Average Tone,0
2020-05-01,Average Tone,-1.1063
2020-05-02,Average Tone,0
2020-05-03,Average Tone,-1.115
2020-05-04,Average Tone,0
2020-05-05,Average Tone,-2.6455
2020-05-06,Average Tone,0
2020-05-07,Average Tone,0
2020-05-08,Average Tone,-1.0267
2020-05-09,Average Tone,0
2020-05-10,Average Tone,0
2020-05-11,Average Tone,0
2020-05-12,Average Tone,-2.2945
2020-05-13,Average Tone,-5.0217
2020-05-14,Average Tone,0
2020-05-15,Average Tone,-7.9037
2020-05-16,Average Tone,-2.3333
2020-05-17,Average Tone,-1.5068
2020-05-18,Average Tone,1.4151
2020-05-19,Average Tone,-1.1204
2020-05-20,Average Tone,0
2020-05-21,Average Tone,0
2020-05-22,Average Tone,-2.2059
2020-05-23,Average Tone,0
2020-05-24,Average Tone,0
2020-05-25,Average Tone,-1.495
2020-05-26,Average Tone,-1.8787
2020-05-27,Average Tone,2.5255
2020-05-28,Average Tone,-1.8735
2020-05-29,Average Tone,-5.3189
2020-05-30,Average Tone,-4.0616
2020-05-31,Average Tone,-1.8735
2020-06-01,Average Tone,-0.7197
2020-06-02,Average Tone,-1.139
2020-06-03,Average Tone,-5.916
2020-06-04,Average Tone,0
2020-06-05,Average Tone,0
2020-06-06,Average Tone,0
2020-06-07,Average Tone,0
2020-06-08,Average Tone,0
2020-06-09,Average Tone,0
2020-06-10,Average Tone,-0.0933
2020-06-11,Average Tone,0
2020-06-12,Average Tone,0
2020-06-13,Average Tone,0
2020-06-14,Average Tone,0
2020-06-15,Average Tone,-4.38
2020-06-16,Average Tone,-3.1953
2020-06-17,Average Tone,-1.8768
2020-06-18,Average Tone,0
2020-06-19,Average Tone,0
2020-06-20,Average Tone,0
2020-06-21,Average Tone,0
2020-06-22,Average Tone,0
2020-06-23,Average Tone,-1.6511
2020-06-24,Average Tone,0
2020-06-25,Average Tone,0
2020-06-26,Average Tone,0
2020-06-27,Average Tone,0
2020-06-28,Average Tone,0
2020-06-29,Average Tone,0
2020-06-30,Average Tone,0
2020-07-01,Average Tone,0
2020-07-02,Average Tone,-4.5723
2020-07-03,Average Tone,0.741
2020-07-04,Average Tone,-2.0205
2020-07-05,Average Tone,0
2020-07-06,Average Tone,0
2020-07-07,Average Tone,0
2020-07-08,Average Tone,0
2020-07-09,Average Tone,-0.3956
2020-07-10,Average Tone,-2.0812
2020-07-11,Average Tone,-0.4505
2020-07-12,Average Tone,0
2020-07-13,Average Tone,-4.5323
2020-07-14,Average Tone,0
2020-07-15,Average Tone,0
2020-07-16,Average Tone,-0.335
2020-07-17,Average Tone,0
2020-07-18,Average Tone,-1.1142
2020-07-19,Average Tone,0
2020-07-20,Average Tone,0
2020-07-21,Average Tone,0
2020-07-22,Average Tone,0
2020-07-23,Average Tone,-1.085
2020-07-24,Average Tone,0
2020-07-25,Average Tone,0
2020-07-26,Average Tone,0
2020-07-27,Average Tone,0
2020-07-28,Average Tone,-3.0303
2020-07-29,Average Tone,0
2020-07-30,Average Tone,-0.649
2020-07-31,Average Tone,0
2020-08-01,Average Tone,0
2020-08-02,Average Tone,0
2020-08-03,Average Tone,0
2020-08-04,Average Tone,0
2020-08-05,Average Tone,0
2020-08-06,Average Tone,0
2020-08-07,Average Tone,-0.9217
2020-08-08,Average Tone,0
2020-08-09,Average Tone,0
2020-08-10,Average Tone,0
2020-08-11,Average Tone,-4.6154
2020-08-12,Average Tone,-2.8028
2020-08-13,Average Tone,-2.8028
2020-08-14,Average Tone,-1.3158
2020-08-15,Average Tone,-2.8028
2020-08-16,Average Tone,-4.8105
2020-08-17,Average Tone,-1.4014
2020-08-18,Average Tone,0
2020-08-19,Average Tone,0
2020-08-20,Average Tone,0
2020-08-21,Average Tone,0
2020-08-22,Average Tone,0
2020-08-23,Average Tone,0
2020-08-24,Average Tone,0
2020-08-25,Average Tone,0
2020-08-26,Average Tone,0.155
2020-08-27,Average Tone,0
2020-08-28,Average Tone,-0.9343
2020-08-29,Average Tone,-1.7094
2020-08-30,Average Tone,-2.5258
2020-08-31,Average Tone,0
2020-09-01,Average Tone,-0.7726
2020-09-02,Average Tone,0
2020-09-03,Average Tone,-0.7009
2020-09-04,Average Tone,-0.8
2020-09-05,Average Tone,0
2020-09-06,Average Tone,-4.5055
2020-09-07,Average Tone,-3.6429
2020-09-08,Average Tone,-4.0703
2020-09-09,Average Tone,-2.9828
2020-09-10,Average Tone,0
2020-09-11,Average Tone,0
2020-09-12,Average Tone,0
2020-09-13,Average Tone,-1.9227
2020-09-14,Average Tone,0
2020-09-15,Average Tone,0.5102
2020-09-16,Average Tone,3.1941
2020-09-17,Average Tone,0
2020-09-18,Average Tone,0
2020-09-19,Average Tone,0
2020-09-20,Average Tone,0
2020-09-21,Average Tone,0
2020-09-22,Average Tone,0.2857
2020-09-23,Average Tone,0.7295
2020-09-24,Average Tone,0
2020-09-25,Average Tone,0
2020-09-26,Average Tone,0
2020-09-27,Average Tone,-3.6446
2020-09-28,Average Tone,0
2020-09-29,Average Tone,0
2020-09-30,Average Tone,0
2020-10-01,Average Tone,0
2020-10-02,Average Tone,0
2020-10-03,Average Tone,0
2020-10-04,Average Tone,2.6427
2020-10-05,Average Tone,-4.5267
2020-10-06,Average Tone,0
2020-10-07,Average Tone,0
2020-10-08,Average Tone,0
2020-10-09,Average Tone,0
2020-10-10,Average Tone,0
2020-10-11,Average Tone,0
2020-10-12,Average Tone,-8
2020-10-13,Average Tone,0
2020-10-14,Average Tone,0
2020-10-15,Average Tone,0
2020-10-16,Average Tone,-7.9865
2020-10-17,Average Tone,0
2020-10-18,Average Tone,0
2020-10-19,Average Tone,0
2020-10-21,Average Tone,0
2020-10-22,Average Tone,0
2020-10-23,Average Tone,0
2020-10-24,Average Tone,0
2020-10-25,Average Tone,0
2020-10-26,Average Tone,0
2020-10-27,Average Tone,0
2020-10-28,Average Tone,-2.8777
2020-10-29,Average Tone,0
2020-10-30,Average Tone,0
2020-10-31,Average Tone,0
2020-11-01,Average Tone,0
2020-11-02,Average Tone,0
2020-11-03,Average Tone,0
2020-11-04,Average Tone,0
2020-11-05,Average Tone,-4.7945
2020-11-06,Average Tone,0
2020-11-07,Average Tone,0
2020-11-08,Average Tone,0
2020-11-09,Average Tone,0
2020-11-10,Average Tone,0
2020-11-11,Average Tone,0
2020-11-12,Average Tone,0
2020-11-13,Average Tone,0
2020-11-14,Average Tone,0
2020-11-15,Average Tone,0
2020-11-16,Average Tone,-2.8362
2020-11-17,Average Tone,0.8475
2020-11-18,Average Tone,0
2020-11-19,Average Tone,1.2626
2020-11-20,Average Tone,0
2020-11-21,Average Tone,0
2020-11-22,Average Tone,0
2020-11-23,Average Tone,0
2020-11-24,Average Tone,0.7547
2020-11-25,Average Tone,0
2020-11-26,Average Tone,0
2020-11-27,Average Tone,0
2020-11-28,Average Tone,0
2020-11-29,Average Tone,-2.8028
2020-11-30,Average Tone,0
2020-12-01,Average Tone,-3.8637
2020-12-02,Average Tone,-3.871
2020-12-03,Average Tone,-3.871
2020-12-04,Average Tone,-3.871
2020-12-05,Average Tone,-3.871
2020-12-06,Average Tone,0
2020-12-07,Average Tone,0
2020-12-08,Average Tone,0
2020-12-09,Average Tone,0
2020-12-10,Average Tone,0
2020-12-11,Average Tone,-1.8405
2020-12-12,Average Tone,-1.8405
2020-12-13,Average Tone,0
2020-12-14,Average Tone,0
2020-12-15,Average Tone,0
2020-12-16,Average Tone,0
2020-12-17,Average Tone,-3.3707
2020-12-18,Average Tone,-3.6993
2020-12-19,Average Tone,0
2020-12-20,Average Tone,-3.2228
2020-12-21,Average Tone,-2.8571
2020-12-22,Average Tone,0
2020-12-23,Average Tone,0
2020-12-24,Average Tone,0
2020-12-25,Average Tone,0
2020-12-26,Average Tone,0
2020-12-27,Average Tone,0
2020-12-28,Average Tone,0
2020-12-29,Average Tone,0
2020-12-30,Average Tone,0
2020-12-31,Average Tone,0
2021-01-01,Average Tone,0
2021-01-02,Average Tone,0
2021-01-03,Average Tone,0
2021-01-04,Average Tone,-5.1095
2021-01-05,Average Tone,-4.269
2021-01-06,Average Tone,-5.2147
2021-01-07,Average Tone,-2.3951
2021-01-08,Average Tone,0
2021-01-09,Average Tone,0
2021-01-10,Average Tone,-2.8028
2021-01-11,Average Tone,0
2021-01-12,Average Tone,0
2021-01-13,Average Tone,0
2021-01-14,Average Tone,0
2021-01-15,Average Tone,0
2021-01-16,Average Tone,0
2021-01-17,Average Tone,0
2021-01-18,Average Tone,0
2021-01-19,Average Tone,0
2021-01-20,Average Tone,-0.9132
2021-01-21,Average Tone,-2.7419
2021-01-22,Average Tone,0.5629
2021-01-23,Average Tone,0.3925
2021-01-24,Average Tone,0
2021-01-25,Average Tone,0
2021-01-26,Average Tone,0
2021-01-27,Average Tone,0
2021-01-28,Average Tone,-0.884
2021-01-29,Average Tone,0
2021-01-30,Average Tone,0
2021-01-31,Average Tone,0
2021-02-01,Average Tone,0
2021-02-02,Average Tone,0
2021-02-03,Average Tone,0
2021-02-04,Average Tone,0
2021-02-05,Average Tone,0
2021-02-06,Average Tone,0
2021-02-07,Average Tone,0
2021-02-08,Average Tone,-1.0574
2021-02-09,Average Tone,-2.3989
2021-02-10,Average Tone,-2.4073
2021-02-11,Average Tone,-1.3657
2021-02-12,Average Tone,0
2021-02-13,Average Tone,0
2021-02-14,Average Tone,0
2021-02-15,Average Tone,-3.3465
2021-02-16,Average Tone,-3.3026
2021-02-17,Average Tone,0
2021-02-18,Average Tone,-2.3392
2021-02-19,Average Tone,0
2021-02-20,Average Tone,0
2021-02-21,Average Tone,0
2021-02-22,Average Tone,0
2021-02-23,Average Tone,-2.9442
2021-02-24,Average Tone,0
2021-02-25,Average Tone,0
2021-02-26,Average Tone,0
2021-02-27,Average Tone,3.0416
2021-02-28,Average Tone,0
2021-03-01,Average Tone,-0.4184
2021-03-02,Average Tone,0
2021-03-03,Average Tone,0
2021-03-04,Average Tone,-2.8028
2021-03-05,Average Tone,0
2021-03-06,Average Tone,0
2021-03-07,Average Tone,0
2021-03-08,Average Tone,0
2021-03-09,Average Tone,-4.6802
2021-03-10,Average Tone,-5.9243
2021-03-11,Average Tone,0
2021-03-12,Average Tone,0
2021-03-13,Average Tone,0
2021-03-14,Average Tone,0
2021-03-15,Average Tone,-1.1696
2021-03-16,Average Tone,0
2021-03-17,Average Tone,1.4079
2021-03-18,Average Tone,0
2021-03-19,Average Tone,0
2021-03-20,Average Tone,0
2021-03-21,Average Tone,0
2021-03-22,Average Tone,0
2021-03-23,Average Tone,0
2021-03-24,Average Tone,0
2021-03-25,Average Tone,-3.0303
2021-03-26,Average Tone,0
2021-03-27,Average Tone,0
2021-03-28,Average Tone,0
2021-03-29,Average Tone,0
2021-03-30,Average Tone,0
2021-03-31,Average Tone,0
2021-04-01,Average Tone,0
2021-04-02,Average Tone,0
2021-04-03,Average Tone,0
2021-04-04,Average Tone,1.2739
2021-04-05,Average Tone,0
2021-04-06,Average Tone,0
2021-04-07,Average Tone,0
2021-04-08,Average Tone,0
2021-04-09,Average Tone,0
2021-04-10,Average Tone,0
2021-04-11,Average Tone,0
2021-04-12,Average Tone,-2.3299
2021-04-13,Average Tone,0
2021-04-14,Average Tone,0
2021-04-15,Average Tone,0
2021-04-16,Average Tone,0
2021-04-17,Average Tone,0
2021-04-18,Average Tone,0
2021-04-19,Average Tone,0
2021-04-20,Average Tone,0
2021-04-21,Average Tone,0
2021-04-22,Average Tone,0
2021-04-23,Average Tone,0
2021-04-24,Average Tone,0
2021-04-25,Average Tone,0
2021-04-26,Average Tone,-0.7109
2021-04-27,Average Tone,0
2021-04-28,Average Tone,0
2021-04-29,Average Tone,0
2021-04-30,Average Tone,0
2021-05-01,Average Tone,0
2021-05-02,Average Tone,0
2021-05-03,Average Tone,0
2021-05-04,Average Tone,0
2021-05-05,Average Tone,0
2021-05-06,Average Tone,0
2021-05-07,Average Tone,0
2021-05-08,Average Tone,0
2021-05-09,Average Tone,0
2021-05-10,Average Tone,0
2021-05-11,Average Tone,0
2021-05-12,Average Tone,0
2021-05-13,Average Tone,0
2021-05-14,Average Tone,0
2021-05-15,Average Tone,0
2021-05-16,Average Tone,0
2021-05-17,Average Tone,0
2021-05-18,Average Tone,0
2021-05-19,Average Tone,0
2021-05-20,Average Tone,0
2021-05-21,Average Tone,0
2021-05-22,Average Tone,0
2021-05-23,Average Tone,0
2021-05-24,Average Tone,0
2021-05-25,Average Tone,0
2021-05-26,Average Tone,0
2021-05-27,Average Tone,0
2021-05-28,Average Tone,2.2333
2021-05-29,Average Tone,0
2021-05-30,Average Tone,0
2021-05-31,Average Tone,0
2021-06-01,Average Tone,0
2021-06-02,Average Tone,0
2021-06-03,Average Tone,0
2021-06-04,Average Tone,0
2021-06-05,Average Tone,0
2021-06-06,Average Tone,0
2021-06-07,Average Tone,0
2021-06-08,Average Tone,-1.4354
2021-06-09,Average Tone,0
2021-06-10,Average Tone,0
2021-06-11,Average Tone,0
2021-06-12,Average Tone,0
2021-06-13,Average Tone,0
2021-06-14,Average Tone,-1.9337
2021-06-15,Average Tone,0
2021-06-16,Average Tone,0
2021-06-17,Average Tone,0
2021-06-18,Average Tone,0
2021-06-19,Average Tone,0
2021-06-20,Average Tone,0
2021-06-21,Average Tone,0
2021-06-22,Average Tone,0
2021-06-23,Average Tone,-0.1497
2021-06-24,Average Tone,0
2021-06-25,Average Tone,0
2021-06-26,Average Tone,0
2021-06-27,Average Tone,0
2021-06-28,Average Tone,-2.0131
2021-06-29,Average Tone,0
2021-06-30,Average Tone,-1.1561
2021-07-01,Average Tone,0
2021-07-02,Average Tone,-2.2589
2021-07-03,Average Tone,-2.2624
2021-07-04,Average Tone,0
2021-07-05,Average Tone,0
2021-07-06,Average Tone,0
2021-07-07,Average Tone,0
2021-07-08,Average Tone,0
2021-07-09,Average Tone,0
2021-07-10,Average Tone,0
2021-07-11,Average Tone,-2.5547
2021-07-12,Average Tone,0
2021-07-13,Average Tone,-2.3589
2021-07-14,Average Tone,-2.3553
2021-07-15,Average Tone,-1.5385
2021-07-16,Average Tone,0
2021-07-17,Average Tone,0
2021-07-18,Average Tone,0
2021-07-19,Average Tone,0
2021-07-20,Average Tone,0.1339
2021-07-21,Average Tone,0
2021-07-22,Average Tone,-8.0702
2021-07-23,Average Tone,-9.8361
2021-07-24,Average Tone,0
2021-07-25,Average Tone,-2.3645
2021-07-26,Average Tone,0
2021-07-27,Average Tone,0
2021-07-28,Average Tone,0
2021-07-29,Average Tone,0
2021-07-30,Average Tone,0
2021-07-31,Average Tone,0
2021-08-01,Average Tone,0
2021-08-02,Average Tone,0
2021-08-03,Average Tone,0
2021-08-04,Average Tone,0
2021-08-05,Average Tone,-0.4245
2021-08-06,Average Tone,-3.8049
2021-08-07,Average Tone,0
2021-08-08,Average Tone,0
2021-08-09,Average Tone,0
2021-08-10,Average Tone,0
2021-08-11,Average Tone,0
2021-08-12,Average Tone,0
2021-08-13,Average Tone,-3.9594
2021-08-14,Average Tone,0
2021-08-15,Average Tone,-1.1932
2021-08-16,Average Tone,-3.9594
2021-08-17,Average Tone,-4.0403
2021-08-18,Average Tone,0
2021-08-19,Average Tone,0
2021-08-20,Average Tone,0
2021-08-21,Average Tone,0
2021-08-22,Average Tone,0
2021-08-23,Average Tone,0
2021-08-24,Average Tone,0
2021-08-25,Average Tone,0
2021-08-26,Average Tone,-2.4778
2021-08-27,Average Tone,-1.6488
2021-08-28,Average Tone,-1.5801
2021-08-29,Average Tone,0
2021-08-30,Average Tone,-1.5538
2021-08-31,Average Tone,-3.8843
2021-09-01,Average Tone,0
2021-09-02,Average Tone,-2.0685
2021-09-03,Average Tone,-1.8583
2021-09-04,Average Tone,0
2021-09-05,Average Tone,0
2021-09-06,Average Tone,0
2021-09-07,Average Tone,0
2021-09-08,Average Tone,0
2021-09-09,Average Tone,0
2021-09-10,Average Tone,-2.459
2021-09-11,Average Tone,-2.6807
2021-09-12,Average Tone,0
2021-09-13,Average Tone,0
2021-09-14,Average Tone,0
2021-09-15,Average Tone,0
2021-09-16,Average Tone,0
2021-09-17,Average Tone,0
2021-09-18,Average Tone,0
2021-09-19,Average Tone,0
2021-09-20,Average Tone,0
2021-09-21,Average Tone,0
2021-09-22,Average Tone,0
2021-09-23,Average Tone,0
2021-09-24,Average Tone,0
2021-09-25,Average Tone,0
2021-09-26,Average Tone,0
2021-09-27,Average Tone,0
2021-09-28,Average Tone,0
2021-09-29,Average Tone,0
2021-09-30,Average Tone,0
2021-10-01,Average Tone,0
2021-10-02,Average Tone,0
2021-10-03,Average Tone,0
2021-10-04,Average Tone,0
2021-10-05,Average Tone,0
2021-10-06,Average Tone,0
2021-10-07,Average Tone,0
2021-10-08,Average Tone,0
2021-10-09,Average Tone,-1.6234
2021-10-10,Average Tone,0
2021-10-11,Average Tone,0
2021-10-12,Average Tone,0
2021-10-13,Average Tone,0
2021-10-14,Average Tone,0
2021-10-15,Average Tone,0
2021-10-16,Average Tone,0
2021-10-17,Average Tone,0
2021-10-18,Average Tone,0
2021-10-19,Average Tone,0
2021-10-20,Average Tone,0
2021-10-21,Average Tone,0
2021-10-22,Average Tone,1.3258
2021-10-23,Average Tone,0
2021-10-24,Average Tone,0
2021-10-25,Average Tone,0
2021-10-26,Average Tone,0
2021-10-27,Average Tone,0
2021-10-28,Average Tone,0
2021-10-29,Average Tone,-1.0823
2021-10-30,Average Tone,0
2021-10-31,Average Tone,0
2021-11-01,Average Tone,0
2021-11-02,Average Tone,0
2021-11-03,Average Tone,0
2021-11-04,Average Tone,-4.4053
2021-11-05,Average Tone,0
2021-11-06,Average Tone,0
2021-11-07,Average Tone,0
2021-11-08,Average Tone,-0.885
2021-11-09,Average Tone,0
2021-11-10,Average Tone,0
2021-11-11,Average Tone,0
2021-11-12,Average Tone,0
2021-11-13,Average Tone,0
2021-11-14,Average Tone,0
2021-11-15,Average Tone,3.2746
2021-11-16,Average Tone,0
2021-11-17,Average Tone,0
2021-11-18,Average Tone,0
2021-11-19,Average Tone,0
2021-11-20,Average Tone,0
2021-11-21,Average Tone,0
2021-11-22,Average Tone,0
2021-11-23,Average Tone,-3.2909
2021-11-24,Average Tone,-1.0583
2021-11-25,Average Tone,0
2021-11-26,Average Tone,0
2021-11-27,Average Tone,0
2021-11-28,Average Tone,0
2021-11-29,Average Tone,0
2021-11-30,Average Tone,0
2021-12-01,Average Tone,-3.7975
2021-12-02,Average Tone,0
2021-12-03,Average Tone,0
2021-12-04,Average Tone,0
2021-12-05,Average Tone,0
2021-12-06,Average Tone,0
2021-12-07,Average Tone,0
2021-12-08,Average Tone,0
2021-12-09,Average Tone,-2.9277
2021-12-10,Average Tone,0
2021-12-11,Average Tone,0
2021-12-12,Average Tone,0
2021-12-13,Average Tone,0
2021-12-14,Average Tone,0
2021-12-15,Average Tone,0
2021-12-16,Average Tone,0
2021-12-17,Average Tone,0
2021-12-18,Average Tone,0
2021-12-19,Average Tone,0
2021-12-20,Average Tone,0
2021-12-21,Average Tone,0
2021-12-22,Average Tone,0
2021-12-23,Average Tone,0
2021-12-24,Average Tone,0
2021-12-25,Average Tone,0
2021-12-26,Average Tone,0
2021-12-27,Average Tone,0
2021-12-28,Average Tone,0
2021-12-29,Average Tone,-2.7972
2021-12-30,Average Tone,0
2021-12-31,Average Tone,0
2022-01-01,Average Tone,0
2022-01-02,Average Tone,-5.288
2022-01-03,Average Tone,0
2022-01-04,Average Tone,0
2022-01-05,Average Tone,0
2022-01-06,Average Tone,0
2022-01-07,Average Tone,0
2022-01-08,Average Tone,0
2022-01-09,Average Tone,0
2022-01-10,Average Tone,0
2022-01-11,Average Tone,0
2022-01-12,Average Tone,0
2022-01-13,Average Tone,0.0913
2022-01-14,Average Tone,0
2022-01-15,Average Tone,0
2022-01-16,Average Tone,0
2022-01-17,Average Tone,0
2022-01-18,Average Tone,0
2022-01-19,Average Tone,0
2022-01-20,Average Tone,0
2022-01-21,Average Tone,0
2022-01-22,Average Tone,0
2022-01-23,Average Tone,0
2022-01-24,Average Tone,0
2022-01-25,Average Tone,0
2022-01-26,Average Tone,0
2022-01-27,Average Tone,0
2022-01-28,Average Tone,0
2022-01-29,Average Tone,0
2022-01-30,Average Tone,0
2022-01-31,Average Tone,0
2022-02-01,Average Tone,0
2022-02-02,Average Tone,0
2022-02-03,Average Tone,0
2022-02-04,Average Tone,0
2022-02-05,Average Tone,0
2022-02-06,Average Tone,0
2022-02-07,Average Tone,0
2022-02-08,Average Tone,0
2022-02-09,Average Tone,0
2022-02-10,Average Tone,-0.0885
2022-02-11,Average Tone,0
2022-02-12,Average Tone,0
2022-02-13,Average Tone,0
2022-02-14,Average Tone,0
2022-02-15,Average Tone,0
2022-02-16,Average Tone,0
2022-02-17,Average Tone,0
2022-02-18,Average Tone,0
2022-02-19,Average Tone,0
2022-02-20,Average Tone,0
2022-02-21,Average Tone,0
2022-02-22,Average Tone,0
2022-02-23,Average Tone,0
2022-02-24,Average Tone,0
2022-02-25,Average Tone,0
2022-02-26,Average Tone,0
2022-02-27,Average Tone,0
2022-02-28,Average Tone,0
2022-03-01,Average Tone,-1.6097
2022-03-02,Average Tone,0
2022-03-03,Average Tone,0
2022-03-04,Average Tone,0
2022-03-05,Average Tone,0
2022-03-06,Average Tone,0
2022-03-07,Average Tone,0
2022-03-08,Average Tone,0
2022-03-09,Average Tone,0
2022-03-10,Average Tone,0
2022-03-11,Average Tone,0
2022-03-12,Average Tone,0
2022-03-13,Average Tone,0
2022-03-14,Average Tone,0
2022-03-15,Average Tone,-4.3103
2022-03-16,Average Tone,-3.2895
2022-03-17,Average Tone,-4.3597
2022-03-18,Average Tone,0
2022-03-19,Average Tone,-1.4925
2022-03-20,Average Tone,0
2022-03-21,Average Tone,0
2022-03-22,Average Tone,0
2022-03-23,Average Tone,0
2022-03-24,Average Tone,0
2022-03-25,Average Tone,0
2022-03-26,Average Tone,0
2022-03-27,Average Tone,0
2022-03-28,Average Tone,0
2022-03-29,Average Tone,0
2022-03-30,Average Tone,0
2022-03-31,Average Tone,0
2022-04-01,Average Tone,0
2022-04-02,Average Tone,0
2022-04-03,Average Tone,0
2022-04-04,Average Tone,0
2022-04-05,Average Tone,0
2022-04-06,Average Tone,0
2022-04-07,Average Tone,0
2022-04-08,Average Tone,-5.1844
2022-04-09,Average Tone,0
2022-04-10,Average Tone,0
2022-04-11,Average Tone,0
2022-04-12,Average Tone,0
2022-04-13,Average Tone,0
2022-04-14,Average Tone,0
2022-04-15,Average Tone,0
2022-04-16,Average Tone,0
2022-04-17,Average Tone,0
2022-04-18,Average Tone,-1.1765
2022-04-19,Average Tone,0
2022-04-20,Average Tone,0
2022-04-21,Average Tone,0
2022-04-22,Average Tone,0
2022-04-23,Average Tone,0
2022-04-24,Average Tone,0
2022-04-25,Average Tone,0
2022-04-26,Average Tone,0
2022-04-27,Average Tone,0
2022-04-28,Average Tone,0
2022-04-29,Average Tone,0
2022-04-30,Average Tone,0
2022-05-01,Average Tone,0
2022-05-02,Average Tone,0
2022-05-03,Average Tone,0
2022-05-04,Average Tone,0
2022-05-05,Average Tone,0
2022-05-06,Average Tone,0
2022-05-07,Average Tone,0
2022-05-08,Average Tone,0
2022-05-09,Average Tone,0
2022-05-10,Average Tone,2.8169
2022-05-11,Average Tone,-5.0701
2022-05-12,Average Tone,0
2022-05-13,Average Tone,0
2022-05-14,Average Tone,3.8043
2022-05-15,Average Tone,0
2022-05-16,Average Tone,3.8674
2022-05-17,Average Tone,0
2022-05-18,Average Tone,0
2022-05-19,Average Tone,-3.517
2022-05-20,Average Tone,-3.1763
2022-05-21,Average Tone,0
2022-05-22,Average Tone,0
2022-05-23,Average Tone,0
2022-05-24,Average Tone,0
2022-05-25,Average Tone,0
2022-05-26,Average Tone,0
2022-05-27,Average Tone,0
2022-05-28,Average Tone,0
2022-05-29,Average Tone,0
2022-05-30,Average Tone,0
2022-05-31,Average Tone,0
2022-06-01,Average Tone,0
2022-06-02,Average Tone,0
2022-06-03,Average Tone,0
2022-06-04,Average Tone,0
2022-06-05,Average Tone,0
2022-06-06,Average Tone,0
2022-06-07,Average Tone,0
2022-06-08,Average Tone,-1.1125
2022-06-09,Average Tone,0
2022-06-10,Average Tone,0
2022-06-11,Average Tone,0
2022-06-12,Average Tone,-7.2417
2022-06-13,Average Tone,0
2022-06-14,Average Tone,0
2022-06-15,Average Tone,0
2022-06-16,Average Tone,-3.6399
2022-06-17,Average Tone,-6.8776
2022-06-18,Average Tone,0
2022-06-19,Average Tone,0
2022-06-20,Average Tone,0
2022-06-21,Average Tone,0
2022-06-22,Average Tone,0
2022-06-23,Average Tone,-3.055
2022-06-24,Average Tone,0
2022-06-25,Average Tone,0
2022-06-26,Average Tone,-0.1362
2022-06-27,Average Tone,0
2022-06-28,Average Tone,0
2022-06-29,Average Tone,0
2022-06-30,Average Tone,0
2022-07-01,Average Tone,0
2022-07-02,Average Tone,2.3569
2022-07-03,Average Tone,0
2022-07-04,Average Tone,0
2022-07-05,Average Tone,-7.767
2022-07-06,Average Tone,-8.2192
2022-07-07,Average Tone,0
2022-07-08,Average Tone,0
2022-07-09,Average Tone,0
2022-07-10,Average Tone,0
2022-07-11,Average Tone,0
2022-07-12,Average Tone,0
2022-07-13,Average Tone,0
2022-07-14,Average Tone,0
2022-07-15,Average Tone,0
2022-07-16,Average Tone,0
2022-07-17,Average Tone,0
2022-07-18,Average Tone,-4.5455
2022-07-19,Average Tone,-2.7757
2022-07-20,Average Tone,0
2022-07-21,Average Tone,0
2022-07-22,Average Tone,1.6393
2022-07-23,Average Tone,0
2022-07-24,Average Tone,0
2022-07-25,Average Tone,0
2022-07-26,Average Tone,0
2022-07-27,Average Tone,0
2022-07-28,Average Tone,0
2022-07-29,Average Tone,0
2022-07-30,Average Tone,0
2022-07-31,Average Tone,0
2022-08-01,Average Tone,0
2022-08-02,Average Tone,0
2022-08-03,Average Tone,0
2022-08-04,Average Tone,0
2022-08-05,Average Tone,0
2022-08-06,Average Tone,0
2022-08-07,Average Tone,0
2022-08-08,Average Tone,0
2022-08-09,Average Tone,0
2022-08-10,Average Tone,-2.925
2022-08-11,Average Tone,0
2022-08-12,Average Tone,5.5172
2022-08-13,Average Tone,0
2022-08-14,Average Tone,0
2022-08-15,Average Tone,0
2022-08-16,Average Tone,0
2022-08-17,Average Tone,0
2022-08-18,Average Tone,0
2022-08-19,Average Tone,0
2022-08-20,Average Tone,0
2022-08-21,Average Tone,0
2022-08-22,Average Tone,0
2022-08-23,Average Tone,0
2022-08-24,Average Tone,0
2022-08-25,Average Tone,0
2022-08-26,Average Tone,0
2022-08-27,Average Tone,0
2022-08-28,Average Tone,0
2022-08-29,Average Tone,0
2022-08-30,Average Tone,0
2022-08-31,Average Tone,0
2022-09-01,Average Tone,0
2022-09-02,Average Tone,0
2022-09-03,Average Tone,0
2022-09-04,Average Tone,0
2022-09-05,Average Tone,0
2022-09-06,Average Tone,0
2022-09-07,Average Tone,0
2022-09-08,Average Tone,0
2022-09-09,Average Tone,0
2022-09-10,Average Tone,0
2022-09-11,Average Tone,0
2022-09-12,Average Tone,0
2022-09-13,Average Tone,0
2022-09-14,Average Tone,0
2022-09-15,Average Tone,0
2022-09-16,Average Tone,0
2022-09-17,Average Tone,-2.5719
2022-09-18,Average Tone,0
2022-09-19,Average Tone,0
2022-09-20,Average Tone,0
2022-09-21,Average Tone,0
2022-09-22,Average Tone,0
2022-09-23,Average Tone,0
2022-09-24,Average Tone,0
2022-09-25,Average Tone,0
2022-09-26,Average Tone,0
2022-09-27,Average Tone,-0.7634
2022-09-28,Average Tone,0
2022-09-29,Average Tone,0
2022-09-30,Average Tone,0
2022-10-01,Average Tone,0
2022-10-02,Average Tone,0
2022-10-03,Average Tone,0
2022-10-04,Average Tone,-0.9792
2022-10-05,Average Tone,0
2022-10-06,Average Tone,-3.8522
2022-10-07,Average Tone,0
2022-10-08,Average Tone,0
2022-10-09,Average Tone,0
2022-10-10,Average Tone,0
2022-10-11,Average Tone,0
2022-10-12,Average Tone,0
2022-10-13,Average Tone,0
2022-10-14,Average Tone,0
2022-10-15,Average Tone,0
2022-10-16,Average Tone,0
2022-10-17,Average Tone,0
2022-10-18,Average Tone,0
2022-10-19,Average Tone,-0.8902
2022-10-20,Average Tone,0
2022-10-21,Average Tone,0
2022-10-22,Average Tone,0
2022-10-23,Average Tone,0
2022-10-24,Average Tone,0
2022-10-25,Average Tone,0
2022-10-26,Average Tone,0
2022-10-27,Average Tone,0
2022-10-28,Average Tone,0
2022-10-29,Average Tone,0
2022-10-30,Average Tone,0
2022-10-31,Average Tone,0
2022-11-01,Average Tone,0
2022-11-02,Average Tone,0
2022-11-03,Average Tone,0
2022-11-04,Average Tone,0
2022-11-05,Average Tone,0
2022-11-06,Average Tone,0
2022-11-07,Average Tone,0
2022-11-08,Average Tone,0
2022-11-09,Average Tone,0
2022-11-10,Average Tone,0
2022-11-11,Average Tone,0
2022-11-12,Average Tone,0
2022-11-13,Average Tone,0
2022-11-14,Average Tone,0
2022-11-15,Average Tone,0
2022-11-16,Average Tone,0
2022-11-17,Average Tone,0
2022-11-18,Average Tone,0
2022-11-19,Average Tone,0
2022-11-20,Average Tone,0
2022-11-21,Average Tone,0
2022-11-22,Average Tone,0.4878
2022-11-23,Average Tone,0
2022-11-24,Average Tone,0
2022-11-25,Average Tone,0
2022-11-26,Average Tone,0
2022-11-27,Average Tone,0
2022-11-28,Average Tone,2.8766
2022-11-29,Average Tone,0
2022-11-30,Average Tone,0
2022-12-01,Average Tone,0
2022-12-02,Average Tone,0
2022-12-03,Average Tone,0
2022-12-04,Average Tone,0
2022-12-05,Average Tone,0
2022-12-06,Average Tone,0.3028
2022-12-07,Average Tone,0
2022-12-08,Average Tone,0
2022-12-09,Average Tone,-3.6765
2022-12-10,Average Tone,0
2022-12-11,Average Tone,-2.4938
2022-12-12,Average Tone,0
2022-12-13,Average Tone,0
2022-12-14,Average Tone,0
2022-12-15,Average Tone,0
2022-12-16,Average Tone,0
2022-12-17,Average Tone,0
2022-12-18,Average Tone,0
2022-12-19,Average Tone,0
2022-12-20,Average Tone,0
2022-12-21,Average Tone,0
2022-12-22,Average Tone,0
2022-12-23,Average Tone,0
2022-12-24,Average Tone,0
2022-12-25,Average Tone,0
2022-12-26,Average Tone,0
2022-12-27,Average Tone,0
2022-12-28,Average Tone,0
2022-12-29,Average Tone,0
2022-12-30,Average Tone,2.6316
2022-12-31,Average Tone,0
2023-01-01,Average Tone,0
2023-01-02,Average Tone,0
2023-01-03,Average Tone,0.9317
2023-01-04,Average Tone,0
2023-01-05,Average Tone,0
2023-01-06,Average Tone,0
2023-01-07,Average Tone,0
2023-01-08,Average Tone,0
2023-01-09,Average Tone,0
2023-01-10,Average Tone,-1.2605
2023-01-11,Average Tone,0
2023-01-12,Average Tone,0
2023-01-13,Average Tone,0
2023-01-14,Average Tone,-5.2024
2023-01-15,Average Tone,0
2023-01-16,Average Tone,0
2023-01-17,Average Tone,0
2023-01-18,Average Tone,0
2023-01-19,Average Tone,0
2023-01-20,Average Tone,0
2023-01-21,Average Tone,0
2023-01-22,Average Tone,0
2023-01-23,Average Tone,0
2023-01-24,Average Tone,0
2023-01-25,Average Tone,0
2023-01-26,Average Tone,0
2023-01-27,Average Tone,0
2023-01-28,Average Tone,0
2023-01-29,Average Tone,0
2023-01-30,Average Tone,0
2023-01-31,Average Tone,0
2023-02-01,Average Tone,-5.9011
2023-02-02,Average Tone,0
2023-02-03,Average Tone,0
2023-02-04,Average Tone,0
2023-02-05,Average Tone,0
2023-02-06,Average Tone,0
2023-02-07,Average Tone,0
2023-02-08,Average Tone,0
2023-02-09,Average Tone,0
2023-02-10,Average Tone,0
2023-02-11,Average Tone,0
2023-02-12,Average Tone,0
2023-02-13,Average Tone,0
2023-02-14,Average Tone,0
2023-02-15,Average Tone,0
2023-02-16,Average Tone,-4
2023-02-17,Average Tone,0
2023-02-18,Average Tone,0
2023-02-19,Average Tone,0
2023-02-20,Average Tone,0
2023-02-21,Average Tone,0
2023-02-22,Average Tone,0
2023-02-23,Average Tone,0
2023-02-24,Average Tone,-2.0499
2023-02-25,Average Tone,0
2023-02-26,Average Tone,0
2023-02-27,Average Tone,-2.0499
2023-02-28,Average Tone,0
2023-03-01,Average Tone,0
2023-03-02,Average Tone,0
2023-03-03,Average Tone,0
2023-03-04,Average Tone,0
2023-03-05,Average Tone,0
2023-03-06,Average Tone,0
2023-03-07,Average Tone,0
2023-03-08,Average Tone,0
2023-03-09,Average Tone,0
2023-03-10,Average Tone,0
2023-03-11,Average Tone,0
2023-03-12,Average Tone,-3.0303
2023-03-13,Average Tone,0
2023-03-14,Average Tone,0
2023-03-15,Average Tone,0
2023-03-16,Average Tone,0
2023-03-17,Average Tone,0
2023-03-18,Average Tone,0
2023-03-19,Average Tone,0
2023-03-20,Average Tone,0
2023-03-21,Average Tone,0
2023-03-22,Average Tone,0
2023-03-24,Average Tone,0
2023-03-25,Average Tone,0
2023-03-26,Average Tone,0
2023-03-27,Average Tone,0
2023-03-28,Average Tone,0
2023-03-29,Average Tone,0
2023-03-30,Average Tone,0
2023-03-31,Average Tone,0
2023-04-01,Average Tone,0
2023-04-02,Average Tone,0
2023-04-03,Average Tone,0
2023-04-04,Average Tone,0
2023-04-05,Average Tone,0
2023-04-06,Average Tone,-1.3605
2023-04-07,Average Tone,0
2023-04-08,Average Tone,0
2023-04-09,Average Tone,-4.7458
2023-04-10,Average Tone,-0.4005
2023-04-11,Average Tone,0
2023-04-12,Average Tone,0.2254
2023-04-13,Average Tone,0
2023-04-14,Average Tone,0
2023-04-15,Average Tone,0
2023-04-16,Average Tone,0
2023-04-17,Average Tone,0
2023-04-18,Average Tone,0
2023-04-19,Average Tone,0
2023-04-20,Average Tone,-3.588
2023-04-21,Average Tone,0
2023-04-22,Average Tone,-1.6304
2023-04-23,Average Tone,0
2023-04-24,Average Tone,-0.5855
2023-04-25,Average Tone,0
2023-04-26,Average Tone,0
2023-04-27,Average Tone,0
2023-04-28,Average Tone,0
2023-04-29,Average Tone,0
2023-04-30,Average Tone,-4.1555
2023-05-01,Average Tone,-4.1586
2023-05-02,Average Tone,0
2023-05-03,Average Tone,0
2023-05-04,Average Tone,0
2023-05-05,Average Tone,0
2023-05-06,Average Tone,0
2023-05-07,Average Tone,0
2023-05-08,Average Tone,-2.2364
2023-05-09,Average Tone,0
2023-05-10,Average Tone,-2.4109
2023-05-11,Average Tone,1.7045
2023-05-12,Average Tone,1.6698
2023-05-13,Average Tone,1.669
2023-05-14,Average Tone,0
2023-05-15,Average Tone,0
2023-05-16,Average Tone,0
2023-05-17,Average Tone,-2.6943
2023-05-18,Average Tone,0
2023-05-19,Average Tone,0
2023-05-20,Average Tone,0
2023-05-21,Average Tone,0
2023-05-22,Average Tone,0
2023-05-23,Average Tone,0
2023-05-24,Average Tone,0
2023-05-25,Average Tone,0
2023-05-26,Average Tone,-0.432
2023-05-27,Average Tone,-3.2143
2023-05-28,Average Tone,0
2023-05-29,Average Tone,0
2023-05-30,Average Tone,0
2023-05-31,Average Tone,0
2023-06-01,Average Tone,0
2023-06-02,Average Tone,0
2023-06-03,Average Tone,0
2023-06-04,Average Tone,0
2023-06-05,Average Tone,0
2023-06-06,Average Tone,0.4831
2023-06-07,Average Tone,0
2023-06-08,Average Tone,-0.3252
2023-06-09,Average Tone,0
2023-06-10,Average Tone,0
2023-06-11,Average Tone,0
2023-06-12,Average Tone,0
2023-06-13,Average Tone,0
2023-06-14,Average Tone,0
2023-06-15,Average Tone,3.4002
2023-06-16,Average Tone,0
2023-06-17,Average Tone,0
2023-06-18,Average Tone,0
2023-06-19,Average Tone,-3.7702
2023-06-20,Average Tone,0
2023-06-21,Average Tone,0
2023-06-22,Average Tone,0
2023-06-23,Average Tone,-3.1008
2023-06-24,Average Tone,0
2023-06-25,Average Tone,0
2023-06-26,Average Tone,0
2023-06-27,Average Tone,0
2023-06-28,Average Tone,-5.9028
2023-06-29,Average Tone,0
2023-06-30,Average Tone,-7.1429
2023-07-01,Average Tone,0
2023-07-02,Average Tone,-2.4579
2023-07-03,Average Tone,0
2023-07-04,Average Tone,0
2023-07-05,Average Tone,-2.7918
2023-07-06,Average Tone,0
2023-07-07,Average Tone,0
2023-07-08,Average Tone,0
2023-07-09,Average Tone,-2.5266
2023-07-10,Average Tone,0
2023-07-11,Average Tone,0
2023-07-12,Average Tone,0
2023-07-13,Average Tone,-2.3338
2023-07-14,Average Tone,0
2023-07-15,Average Tone,0
2023-07-16,Average Tone,0
2023-07-17,Average Tone,-3.3898
2023-07-18,Average Tone,0
2023-07-19,Average Tone,0
2023-07-20,Average Tone,0
2023-07-21,Average Tone,0
2023-07-22,Average Tone,0
2023-07-23,Average Tone,0
2023-07-24,Average Tone,0
2023-07-25,Average Tone,0
2023-07-26,Average Tone,0
2023-07-27,Average Tone,-0.7407
2023-07-28,Average Tone,0
2023-07-29,Average Tone,0
2023-07-30,Average Tone,0
2023-07-31,Average Tone,0
2023-08-01,Average Tone,-5.2326
2023-08-02,Average Tone,0
2023-08-03,Average Tone,-6.354
2023-08-04,Average Tone,0
2023-08-05,Average Tone,0
2023-08-06,Average Tone,0
2023-08-07,Average Tone,-3.3908
2023-08-08,Average Tone,0
2023-08-09,Average Tone,0
2023-08-10,Average Tone,0
2023-08-11,Average Tone,0
2023-08-12,Average Tone,0
2023-08-13,Average Tone,0
2023-08-14,Average Tone,-5.4563
2023-08-15,Average Tone,0
2023-08-16,Average Tone,0
2023-08-17,Average Tone,0
2023-08-18,Average Tone,0
2023-08-19,Average Tone,-0.8081
2023-08-20,Average Tone,0
2023-08-21,Average Tone,-4.4671
2023-08-22,Average Tone,0
2023-08-23,Average Tone,-0.7777
2023-08-24,Average Tone,0
2023-08-25,Average Tone,0
2023-08-26,Average Tone,0
2023-08-27,Average Tone,0
2023-08-28,Average Tone,0
2023-08-29,Average Tone,0
2023-08-30,Average Tone,-1.1945
2023-08-31,Average Tone,-4.5455
2023-09-01,Average Tone,-1.1278
2023-09-02,Average Tone,0
2023-09-03,Average Tone,0
2023-09-04,Average Tone,-5.3985
2023-09-05,Average Tone,0
2023-09-06,Average Tone,-4.2633
2023-09-07,Average Tone,-5.0061
2023-09-08,Average Tone,0
2023-09-09,Average Tone,0
2023-09-10,Average Tone,-4.0417
2023-09-11,Average Tone,0
2023-09-12,Average Tone,1.9947
2023-09-13,Average Tone,-4.0276
2023-09-14,Average Tone,-4.1249
2023-09-15,Average Tone,0
2023-09-16,Average Tone,0
2023-09-17,Average Tone,-2.6448
2023-09-18,Average Tone,0
2023-09-19,Average Tone,0.7769
2023-09-20,Average Tone,0
2023-09-21,Average Tone,0
2023-09-22,Average Tone,0
2023-09-23,Average Tone,0.6623
2023-09-24,Average Tone,0
2023-09-25,Average Tone,0
2023-09-26,Average Tone,0.7092
2023-09-27,Average Tone,-1.663
2023-09-28,Average Tone,0
2023-09-29,Average Tone,0
2023-09-30,Average Tone,0
2023-10-01,Average Tone,0
2023-10-02,Average Tone,0
2023-10-03,Average Tone,0
2023-10-04,Average Tone,-2.2892
2023-10-05,Average Tone,-1.519
2023-10-06,Average Tone,0
2023-10-07,Average Tone,0
2023-10-08,Average Tone,0
2023-10-09,Average Tone,0
2023-10-10,Average Tone,0
2023-10-11,Average Tone,0
2023-10-12,Average Tone,-4.1705
2023-10-13,Average Tone,0
2023-10-14,Average Tone,0
2023-10-15,Average Tone,0
2023-10-16,Average Tone,0
2023-10-17,Average Tone,0
2023-10-18,Average Tone,-1.5351
2023-10-19,Average Tone,-4.1509
2023-10-20,Average Tone,0
2023-10-21,Average Tone,0
2023-10-22,Average Tone,0
2023-10-23,Average Tone,0
2023-10-24,Average Tone,2.5918
2023-10-25,Average Tone,0
2023-10-26,Average Tone,0
2023-10-27,Average Tone,-2.0045
2023-10-28,Average Tone,-0.6637
2023-10-29,Average Tone,0
2023-10-30,Average Tone,0
2023-10-31,Average Tone,0
2023-11-01,Average Tone,0
2023-11-02,Average Tone,-4.8426
2023-11-03,Average Tone,-3.2415
2023-11-04,Average Tone,0
2023-11-05,Average Tone,0
2023-11-06,Average Tone,0
2023-11-07,Average Tone,0
2023-11-08,Average Tone,-2.2207
2023-11-09,Average Tone,6.0634
2023-11-10,Average Tone,0
2023-11-11,Average Tone,0
2023-11-12,Average Tone,0
2023-11-13,Average Tone,0
2023-11-14,Average Tone,0
2023-11-15,Average Tone,0
2023-11-16,Average Tone,-4.4615
2023-11-17,Average Tone,-1.259
2023-11-18,Average Tone,0
2023-11-19,Average Tone,0
2023-11-20,Average Tone,0
2023-11-21,Average Tone,0
2023-11-22,Average Tone,0
2023-11-23,Average Tone,0
2023-11-24,Average Tone,0
2023-11-25,Average Tone,0
2023-11-26,Average Tone,0
2023-11-27,Average Tone,0
2023-11-28,Average Tone,0
2023-11-29,Average Tone,0
2023-11-30,Average Tone,0
2023-12-01,Average Tone,0
2023-12-02,Average Tone,0
2023-12-03,Average Tone,0.0959
2023-12-04,Average Tone,0
2023-12-05,Average Tone,0
2023-12-06,Average Tone,0
2023-12-07,Average Tone,0
2023-12-08,Average Tone,0
2023-12-09,Average Tone,0
2023-12-10,Average Tone,0
2023-12-11,Average Tone,0
2023-12-12,Average Tone,0
2023-12-13,Average Tone,0
2023-12-14,Average Tone,0
2023-12-15,Average Tone,0
2023-12-16,Average Tone,0
2023-12-17,Average Tone,0
2023-12-18,Average Tone,0
2023-12-19,Average Tone,-3.5242
2023-12-20,Average Tone,-0.9654
2023-12-21,Average Tone,0
2023-12-22,Average Tone,0
2023-12-23,Average Tone,0
2023-12-24,Average Tone,0
2023-12-25,Average Tone,0
2023-12-26,Average Tone,0
2023-12-27,Average Tone,0
2023-12-28,Average Tone,0
2023-12-29,Average Tone,0
2023-12-30,Average Tone,0
2023-12-31,Average Tone,0
2024-01-01,Average Tone,-0.2096
2024-01-02,Average Tone,0
2024-01-03,Average Tone,0
2024-01-04,Average Tone,0
2024-01-05,Average Tone,0
2024-01-06,Average Tone,0
2024-01-07,Average Tone,0
2024-01-08,Average Tone,0
2024-01-09,Average Tone,0
2024-01-10,Average Tone,0
2024-01-11,Average Tone,0
2024-01-12,Average Tone,0
2024-01-13,Average Tone,0
2024-01-14,Average Tone,0
2024-01-15,Average Tone,0
2024-01-16,Average Tone,0.1815
2024-01-17,Average Tone,0
2024-01-18,Average Tone,0
2024-01-19,Average Tone,-1.9355
2024-01-20,Average Tone,0
2024-01-21,Average Tone,0
2024-01-22,Average Tone,0
2024-01-23,Average Tone,0
2024-01-24,Average Tone,0
2024-01-25,Average Tone,0
2024-01-26,Average Tone,0
2024-01-27,Average Tone,0.1439
2024-01-28,Average Tone,0
2024-01-29,Average Tone,0
2024-01-30,Average Tone,0
2024-01-31,Average Tone,0
2024-02-01,Average Tone,-3.7464
2024-02-02,Average Tone,-3.7464
2024-02-03,Average Tone,0
2024-02-04,Average Tone,0
2024-02-05,Average Tone,0
2024-02-06,Average Tone,0
2024-02-07,Average Tone,0
2024-02-08,Average Tone,0
2024-02-09,Average Tone,0
2024-02-10,Average Tone,0
2024-02-11,Average Tone,0
2024-02-12,Average Tone,0
2024-02-13,Average Tone,0
2024-02-14,Average Tone,1.2232
2024-02-15,Average Tone,0
2024-02-16,Average Tone,-2.1773
2024-02-17,Average Tone,0
2024-02-18,Average Tone,0
2024-02-19,Average Tone,0
2024-02-20,Average Tone,0
2024-02-21,Average Tone,0
2024-02-22,Average Tone,-1.9257
2024-02-23,Average Tone,0
2024-02-24,Average Tone,0
2024-02-25,Average Tone,0
2024-02-26,Average Tone,-6.9565
2024-02-27,Average Tone,0
2024-02-28,Average Tone,0
2024-02-29,Average Tone,-3.1513
2024-03-01,Average Tone,-0.6053
2024-03-02,Average Tone,0
2024-03-03,Average Tone,0
2024-03-04,Average Tone,0
2024-03-05,Average Tone,0
2024-03-06,Average Tone,0
2024-03-07,Average Tone,-0.5714
2024-03-08,Average Tone,0
2024-03-09,Average Tone,0
2024-03-10,Average Tone,0
2024-03-11,Average Tone,0
2024-03-12,Average Tone,0
2024-03-13,Average Tone,0
2024-03-14,Average Tone,0.3708
2024-03-15,Average Tone,0
2024-03-16,Average Tone,0
2024-03-17,Average Tone,0
2024-03-18,Average Tone,0
2024-03-19,Average Tone,0
2024-03-20,Average Tone,0
2024-03-21,Average Tone,0
2024-03-22,Average Tone,0
2024-03-23,Average Tone,0
2024-03-24,Average Tone,0
2024-03-25,Average Tone,2.156
2024-03-26,Average Tone,0
2024-03-27,Average Tone,0
2024-03-28,Average Tone,-5.153
2024-03-29,Average Tone,0
2024-03-30,Average Tone,0
2024-03-31,Average Tone,0
2024-04-01,Average Tone,0.9202
2024-04-02,Average Tone,0
2024-04-03,Average Tone,0
2024-04-04,Average Tone,0
2024-04-05,Average Tone,0
2024-04-06,Average Tone,0
2024-04-07,Average Tone,3.4483
2024-04-08,Average Tone,0
2024-04-09,Average Tone,0
2024-04-10,Average Tone,0
2024-04-11,Average Tone,0
2024-04-12,Average Tone,0
2024-04-13,Average Tone,0
2024-04-14,Average Tone,0
2024-04-15,Average Tone,-0.6696
2024-04-16,Average Tone,-1.2903
2024-04-17,Average Tone,0
2024-04-18,Average Tone,0
2024-04-19,Average Tone,0
2024-04-20,Average Tone,0
2024-04-21,Average Tone,0
2024-04-22,Average Tone,0
2024-04-23,Average Tone,0
2024-04-24,Average Tone,0
2024-04-25,Average Tone,-0.4111
2024-04-26,Average Tone,0
2024-04-27,Average Tone,0
2024-04-28,Average Tone,0
2024-04-29,Average Tone,0
2024-04-30,Average Tone,0
2024-05-01,Average Tone,0
2024-05-02,Average Tone,0
2024-05-03,Average Tone,0
2024-05-04,Average Tone,0
2024-05-05,Average Tone,0
2024-05-06,Average Tone,-3.413
2024-05-07,Average Tone,-4.4104
2024-05-08,Average Tone,-0.3067
2024-05-09,Average Tone,0
2024-05-10,Average Tone,0
2024-05-11,Average Tone,0
2024-05-12,Average Tone,0
2024-05-13,Average Tone,0
2024-05-14,Average Tone,0
2024-05-15,Average Tone,-0.8144
2024-05-16,Average Tone,1.3467
2024-05-17,Average Tone,0
2024-05-18,Average Tone,-0.5484
2024-05-19,Average Tone,0
2024-05-20,Average Tone,0
2024-05-21,Average Tone,-3.4121
2024-05-22,Average Tone,0
2024-05-23,Average Tone,7.6271
2024-05-24,Average Tone,7.6271
2024-05-25,Average Tone,0
2024-05-26,Average Tone,0
2024-05-27,Average Tone,0
2024-05-28,Average Tone,0
2024-05-29,Average Tone,0
2024-05-30,Average Tone,0
2024-05-31,Average Tone,0
2024-06-01,Average Tone,0
2024-06-02,Average Tone,0
2024-06-03,Average Tone,0
2024-06-04,Average Tone,0
2024-06-05,Average Tone,-0.6616
2024-06-06,Average Tone,0
2024-06-07,Average Tone,-2.0123
2024-06-08,Average Tone,-1.8708
2024-06-09,Average Tone,-2.0785
2024-06-10,Average Tone,0
2024-06-11,Average Tone,0
2024-06-12,Average Tone,0
2024-06-13,Average Tone,-1.7691
2024-06-14,Average Tone,0
2024-06-15,Average Tone,-1.7975
2024-06-16,Average Tone,-2.669
2024-06-17,Average Tone,0
2024-06-18,Average Tone,0
2024-06-19,Average Tone,0
2024-06-20,Average Tone,-6.8889
2024-06-21,Average Tone,0
2024-06-22,Average Tone,0
2024-06-23,Average Tone,1.8573
2024-06-24,Average Tone,1.858
2024-06-25,Average Tone,-3.5406
2024-06-26,Average Tone,0
2024-06-27,Average Tone,0
2024-06-28,Average Tone,0
2024-06-29,Average Tone,0
2024-06-30,Average Tone,0
2024-07-01,Average Tone,-1.668
2024-07-02,Average Tone,0
2024-07-03,Average Tone,0
2024-07-04,Average Tone,0
2024-07-05,Average Tone,1.3503
2024-07-06,Average Tone,0
2024-07-07,Average Tone,0
2024-07-08,Average Tone,-4.6875
2024-07-09,Average Tone,0
2024-07-10,Average Tone,0
2024-07-11,Average Tone,0
2024-07-12,Average Tone,0
2024-07-13,Average Tone,0
2024-07-14,Average Tone,0
2024-07-15,Average Tone,0
2024-07-16,Average Tone,0
2024-07-17,Average Tone,0
2024-07-18,Average Tone,0
2024-07-19,Average Tone,0
2024-07-20,Average Tone,0
2024-07-21,Average Tone,0
2024-07-22,Average Tone,0
2024-07-23,Average Tone,0
2024-07-24,Average Tone,0
2024-07-25,Average Tone,0
2024-07-26,Average Tone,0
2024-07-27,Average Tone,0
2024-07-28,Average Tone,0
2024-07-29,Average Tone,0
2024-07-30,Average Tone,0
2024-07-31,Average Tone,1.9284
2024-08-01,Average Tone,-2.6423
2024-08-02,Average Tone,-1.9146
2024-08-03,Average Tone,0
2024-08-04,Average Tone,0
2024-08-05,Average Tone,-3.075
2024-08-06,Average Tone,0
2024-08-07,Average Tone,-1.3483
2024-08-08,Average Tone,0
2024-08-09,Average Tone,0
2024-08-10,Average Tone,0
2024-08-11,Average Tone,0
2024-08-12,Average Tone,0
2024-08-13,Average Tone,2.8708
2024-08-14,Average Tone,0
2024-08-15,Average Tone,-2.1818
2024-08-16,Average Tone,0
2024-08-17,Average Tone,2.7242
2024-08-18,Average Tone,0
2024-08-19,Average Tone,0
2024-08-20,Average Tone,0
2024-08-21,Average Tone,0
2024-08-22,Average Tone,0
2024-08-23,Average Tone,0
2024-08-24,Average Tone,0
2024-08-25,Average Tone,0
2024-08-26,Average Tone,0
2024-08-27,Average Tone,0
2024-08-28,Average Tone,0
2024-08-29,Average Tone,0
2024-08-30,Average Tone,0
2024-08-31,Average Tone,0
2024-09-01,Average Tone,0
2024-09-02,Average Tone,0
2024-09-03,Average Tone,-2.9619
2024-09-04,Average Tone,-2.4519
2024-09-05,Average Tone,-1.9412
2024-09-06,Average Tone,-3.3182
2024-09-07,Average Tone,0
2024-09-08,Average Tone,-3.2371
2024-09-09,Average Tone,-5.0147
2024-09-10,Average Tone,0
2024-09-11,Average Tone,0
2024-09-12,Average Tone,0
2024-09-13,Average Tone,0
2024-09-14,Average Tone,0
2024-09-15,Average Tone,0
2024-09-16,Average Tone,0
2024-09-17,Average Tone,0
2024-09-18,Average Tone,0
2024-09-19,Average Tone,0
2024-09-20,Average Tone,0
2024-09-21,Average Tone,0
2024-09-22,Average Tone,-0.3215
2024-09-23,Average Tone,0.8791
2024-09-24,Average Tone,0
2024-09-25,Average Tone,0
2024-09-26,Average Tone,0
2024-09-27,Average Tone,1.1618
2024-09-28,Average Tone,0
2024-09-29,Average Tone,0
2024-09-30,Average Tone,0
2024-10-01,Average Tone,0
2024-10-02,Average Tone,0
2024-10-03,Average Tone,0
2024-10-04,Average Tone,0
2024-10-05,Average Tone,0
2024-10-06,Average Tone,0
2024-10-07,Average Tone,0
2024-10-08,Average Tone,0
2024-10-09,Average Tone,0
2024-10-10,Average Tone,0
2024-10-11,Average Tone,0
2024-10-12,Average Tone,-5.618
2024-10-13,Average Tone,0
2024-10-14,Average Tone,0
2024-10-15,Average Tone,0
2024-10-16,Average Tone,-0.4552
2024-10-17,Average Tone,0
2024-10-18,Average Tone,0
2024-10-19,Average Tone,0
2024-10-20,Average Tone,0
2024-10-21,Average Tone,-0.3854
2024-10-22,Average Tone,-0.3956
2024-10-23,Average Tone,-2.5988
2024-10-24,Average Tone,0
2024-10-25,Average Tone,0
2024-10-26,Average Tone,0
2024-10-27,Average Tone,0
2024-10-28,Average Tone,0
2024-10-29,Average Tone,0
2024-10-30,Average Tone,-2.9254
2024-10-31,Average Tone,-2.2167
2024-11-01,Average Tone,0
2024-11-02,Average Tone,0
2024-11-03,Average Tone,0
2024-11-04,Average Tone,-1.068
2024-11-05,Average Tone,-0.1698
2024-11-06,Average Tone,0
2024-11-07,Average Tone,0
2024-11-08,Average Tone,0
2024-11-09,Average Tone,0
2024-11-10,Average Tone,0
2024-11-11,Average Tone,0
2024-11-12,Average Tone,0
2024-11-13,Average Tone,0
2024-11-14,Average Tone,0
2024-11-15,Average Tone,0
2024-11-16,Average Tone,0
2024-11-17,Average Tone,0
2024-11-18,Average Tone,0
2024-11-19,Average Tone,0
2024-11-20,Average Tone,0
2024-11-21,Average Tone,0
2024-11-22,Average Tone,2.3842
2024-11-23,Average Tone,2.8251
2024-11-24,Average Tone,2.824
2024-11-25,Average Tone,0
2024-11-26,Average Tone,0
2024-11-27,Average Tone,0
2024-11-28,Average Tone,0
2024-11-29,Average Tone,0
2024-11-30,Average Tone,-1.8519
2024-12-01,Average Tone,0
2024-12-02,Average Tone,0
2024-12-03,Average Tone,0
2024-12-04,Average Tone,0
2024-12-05,Average Tone,0
2024-12-06,Average Tone,0
2024-12-07,Average Tone,0
2024-12-08,Average Tone,0
2024-12-09,Average Tone,0
2024-12-10,Average Tone,-2.403
2024-12-11,Average Tone,0
2024-12-12,Average Tone,0
2024-12-13,Average Tone,0
2024-12-14,Average Tone,0
2024-12-15,Average Tone,0
2024-12-16,Average Tone,0
2024-12-17,Average Tone,-0.9836
2024-12-18,Average Tone,-1.693
2024-12-19,Average Tone,-3.3992
2024-12-20,Average Tone,-3.3806
2024-12-21,Average Tone,0
2024-12-22,Average Tone,0
2024-12-23,Average Tone,-6.8259
2024-12-24,Average Tone,-1.8152
2024-12-25,Average Tone,0
2024-12-26,Average Tone,0
2024-12-27,Average Tone,0
2024-12-28,Average Tone,0
2024-12-29,Average Tone,0
2024-12-30,Average Tone,-3.719
2024-12-31,Average Tone,-4.6845
2025-01-01,Average Tone,0
2025-01-02,Average Tone,0
2025-01-03,Average Tone,-0.4975
2025-01-04,Average Tone,0
2025-01-05,Average Tone,0
2025-01-06,Average Tone,-3.0759
2025-01-07,Average Tone,0
2025-01-08,Average Tone,-1.3761
2025-01-09,Average Tone,0
2025-01-10,Average Tone,0
2025-01-11,Average Tone,0
2025-01-12,Average Tone,-0.7371
2025-01-13,Average Tone,0
2025-01-14,Average Tone,0
2025-01-15,Average Tone,0
2025-01-16,Average Tone,0
2025-01-17,Average Tone,0
2025-01-18,Average Tone,0
2025-01-19,Average Tone,0
2025-01-20,Average Tone,-3.0593
2025-01-21,Average Tone,0
2025-01-22,Average Tone,-2.8192
2025-01-23,Average Tone,0
2025-01-24,Average Tone,0
2025-01-25,Average Tone,0
2025-01-26,Average Tone,0
2025-01-27,Average Tone,1.1033
2025-01-28,Average Tone,0
2025-01-29,Average Tone,-0.4619
2025-01-30,Average Tone,0
2025-01-31,Average Tone,0
2025-02-01,Average Tone,0
2025-02-02,Average Tone,0
2025-02-03,Average Tone,0
2025-02-04,Average Tone,-4.5714
2025-02-05,Average Tone,0
2025-02-06,Average Tone,-0.9415
2025-02-07,Average Tone,0
2025-02-08,Average Tone,0
2025-02-09,Average Tone,0
2025-02-10,Average Tone,0
2025-02-11,Average Tone,-5.4348
2025-02-12,Average Tone,0
2025-02-13,Average Tone,0
2025-02-14,Average Tone,0
2025-02-15,Average Tone,0
2025-02-16,Average Tone,0
2025-02-17,Average Tone,0
2025-02-18,Average Tone,0
2025-02-19,Average Tone,-1.421
2025-02-20,Average Tone,0
2025-02-21,Average Tone,0
2025-02-22,Average Tone,0
2025-02-23,Average Tone,0
2025-02-24,Average Tone,0
2025-02-25,Average Tone,0
2025-02-26,Average Tone,0
2025-02-27,Average Tone,-0.7704
2025-02-28,Average Tone,0
2025-03-01,Average Tone,0
2025-03-02,Average Tone,0
2025-03-03,Average Tone,2.867
2025-03-04,Average Tone,0
2025-03-05,Average Tone,1.8568
2025-03-06,Average Tone,0.6881
2025-03-07,Average Tone,0
2025-03-08,Average Tone,0
2025-03-09,Average Tone,0
2025-03-10,Average Tone,0
2025-03-11,Average Tone,0
2025-03-12,Average Tone,-4.3354
2025-03-13,Average Tone,0
2025-03-14,Average Tone,-1.3761
2025-03-15,Average Tone,-1.4842
2025-03-16,Average Tone,0
2025-03-17,Average Tone,0
2025-03-18,Average Tone,0
2025-03-19,Average Tone,-1.9417
2025-03-20,Average Tone,0
2025-03-21,Average Tone,-5.3846
2025-03-22,Average Tone,0
2025-03-23,Average Tone,0
2025-03-24,Average Tone,0
2025-03-25,Average Tone,0
2025-03-26,Average Tone,0
2025-03-27,Average Tone,0
2025-03-28,Average Tone,-1.4943
2025-03-29,Average Tone,0
2025-03-30,Average Tone,-5.7105
2025-03-31,Average Tone,-4.4748
2025-04-01,Average Tone,0
2025-04-02,Average Tone,-1.4298
2025-04-03,Average Tone,0
2025-04-04,Average Tone,0
2025-04-05,Average Tone,0
2025-04-06,Average Tone,0
2025-04-07,Average Tone,0
2025-04-08,Average Tone,0
2025-04-09,Average Tone,0
2025-04-10,Average Tone,-7.7199
2025-04-11,Average Tone,0
2025-04-12,Average Tone,0
2025-04-13,Average Tone,0
2025-04-14,Average Tone,2.3689
2025-04-15,Average Tone,0
2025-04-16,Average Tone,0
2025-04-17,Average Tone,0
2025-04-18,Average Tone,-2.6345
2025-04-19,Average Tone,0
2025-04-20,Average Tone,0
2025-04-21,Average Tone,-4.7346
2025-04-22,Average Tone,1.978
2025-04-23,Average Tone,1.1124
2025-04-24,Average Tone,0
2025-04-25,Average Tone,0
2025-04-26,Average Tone,0
2025-04-27,Average Tone,0
2025-04-28,Average Tone,0
2025-04-29,Average Tone,0
2025-04-30,Average Tone,1.3201
2025-05-01,Average Tone,0
2025-05-02,Average Tone,0
2025-05-03,Average Tone,0
2025-05-04,Average Tone,0
2025-05-05,Average Tone,0.3344
2025-05-06,Average Tone,0
2025-05-07,Average Tone,0
2025-05-08,Average Tone,-4.3307
2025-05-09,Average Tone,0
2025-05-10,Average Tone,0
2025-05-11,Average Tone,0
2025-05-12,Average Tone,-6.3095
2025-05-13,Average Tone,0
2025-05-14,Average Tone,0
2025-05-15,Average Tone,3.3223
2025-05-16,Average Tone,0
2025-05-17,Average Tone,0
2025-05-18,Average Tone,-3.4722
2025-05-19,Average Tone,1.0638
2025-05-20,Average Tone,0
2025-05-21,Average Tone,0
2025-05-22,Average Tone,0
2025-05-23,Average Tone,0
2025-05-24,Average Tone,0
2025-05-25,Average Tone,0
2025-05-26,Average Tone,0
2025-05-27,Average Tone,-2.7891
2025-05-28,Average Tone,-2.3531
2025-05-29,Average Tone,0
2025-05-30,Average Tone,-3.7231
2025-05-31,Average Tone,0
2025-06-01,Average Tone,-1.626
2025-06-02,Average Tone,0
2025-06-03,Average Tone,0
2025-06-04,Average Tone,0
2025-06-05,Average Tone,0
2025-06-06,Average Tone,0
2025-06-07,Average Tone,0
2025-06-08,Average Tone,0
2025-06-09,Average Tone,0
2025-06-10,Average Tone,0
2025-06-11,Average Tone,0
2025-06-12,Average Tone,0
2025-06-13,Average Tone,0
2025-06-14,Average Tone,0
2025-07-02,Average Tone,0
2025-07-03,Average Tone,0
2025-07-04,Average Tone,0
2025-07-05,Average Tone,0
2025-07-06,Average Tone,0
2025-07-07,Average Tone,0
2025-07-08,Average Tone,0
2025-07-09,Average Tone,-0.6757
2025-07-10,Average Tone,0
2025-07-11,Average Tone,0
2025-07-12,Average Tone,-0.6558
2025-07-13,Average Tone,-0.5596
2025-07-14,Average Tone,0
2025-07-15,Average Tone,0.1365
2025-07-16,Average Tone,-1.2155
2025-07-17,Average Tone,0
2025-07-18,Average Tone,0
2025-07-19,Average Tone,0
2025-07-20,Average Tone,0
2025-07-21,Average Tone,0
2025-07-22,Average Tone,-0.9434
2025-07-23,Average Tone,-1.0504
2025-07-24,Average Tone,-1.3313
2025-07-25,Average Tone,-0.5624
2025-07-26,Average Tone,-0.5624
2025-07-27,Average Tone,0
2025-07-28,Average Tone,0
2025-07-29,Average Tone,0
2025-07-30,Average Tone,0
2025-07-31,Average Tone,0
2025-08-01,Average Tone,0
2025-08-02,Average Tone,0
2025-08-03,Average Tone,-0.7584
2025-08-04,Average Tone,0
2025-08-05,Average Tone,0
2025-08-06,Average Tone,0
2025-08-07,Average Tone,0
2025-08-08,Average Tone,0
2025-08-09,Average Tone,0
2025-08-10,Average Tone,0.1763
2025-08-11,Average Tone,-5.0193
2025-08-12,Average Tone,0
2025-08-13,Average Tone,-3.3966
2025-08-14,Average Tone,0
2025-08-15,Average Tone,0
2025-08-16,Average Tone,0
2025-08-17,Average Tone,-6.4315
2025-08-18,Average Tone,-0.4559
2025-08-19,Average Tone,0
2025-08-20,Average Tone,0
2025-08-21,Average Tone,0
2025-08-22,Average Tone,-1.2177
2025-08-23,Average Tone,0
2025-08-24,Average Tone,0
2025-08-25,Average Tone,-1.5517
2025-08-26,Average Tone,0
2025-08-27,Average Tone,0
2025-08-28,Average Tone,0
2025-08-29,Average Tone,-2.5943
2025-08-30,Average Tone,0
2025-08-31,Average Tone,0
2025-09-01,Average Tone,-3.0395
2025-09-02,Average Tone,0
2025-09-03,Average Tone,0
2025-09-04,Average Tone,0
2025-09-05,Average Tone,0
2025-09-06,Average Tone,-3.9517
2025-09-07,Average Tone,-2.619
2025-09-08,Average Tone,0
2025-09-09,Average Tone,0
2025-09-10,Average Tone,0
2025-09-11,Average Tone,0
2025-09-12,Average Tone,-0.5906
2025-09-13,Average Tone,0
2025-09-14,Average Tone,0
2025-09-15,Average Tone,0
2025-09-16,Average Tone,0
2025-09-17,Average Tone,0
2025-09-18,Average Tone,0
2025-09-19,Average Tone,0
2025-09-20,Average Tone,0
2025-09-21,Average Tone,0
2025-09-22,Average Tone,0
2025-09-23,Average Tone,0
2025-09-24,Average Tone,0
2025-09-25,Average Tone,0
2025-09-26,Average Tone,0
2025-09-27,Average Tone,0
2025-09-28,Average Tone,0
2025-09-29,Average Tone,-4.4374
2025-09-30,Average Tone,0
2025-10-01,Average Tone,0
2025-10-02,Average Tone,0
2025-10-03,Average Tone,0
2025-10-04,Average Tone,0
2025-10-05,Average Tone,0
2025-10-06,Average Tone,0
2025-10-07,Average Tone,0
2025-10-08,Average Tone,0
2025-10-09,Average Tone,0
2025-10-10,Average Tone,0
2025-10-11,Average Tone,-4.5455
2025-10-12,Average Tone,0
2025-10-13,Average Tone,0
2025-10-14,Average Tone,-1.4531
2025-10-15,Average Tone,-3.5135
2025-10-16,Average Tone,0
2025-10-17,Average Tone,-0.3215
2025-10-18,Average Tone,-0.3577
2025-10-19,Average Tone,-1.0722
2025-10-20,Average Tone,0
2025-10-21,Average Tone,1.1935
2025-10-22,Average Tone,0
2025-10-23,Average Tone,0
2025-10-24,Average Tone,0
2025-10-25,Average Tone,-1.0596
2025-10-26,Average Tone,0
2025-10-27,Average Tone,0
2025-10-28,Average Tone,0
2025-10-29,Average Tone,0
2025-10-30,Average Tone,0
2025-10-31,Average Tone,0
2025-11-01,Average Tone,3.172
2025-11-02,Average Tone,0
2025-11-03,Average Tone,0
2025-11-04,Average Tone,0
2025-11-05,Average Tone,0
2025-11-06,Average Tone,0
2025-11-07,Average Tone,0
2025-11-08,Average Tone,0
2025-11-09,Average Tone,0
2025-11-10,Average Tone,0
2025-11-11,Average Tone,0
2025-11-12,Average Tone,0
2025-11-13,Average Tone,0
2025-11-14,Average Tone,0
2025-11-15,Average Tone,0.9547
2025-11-16,Average Tone,0
2025-11-17,Average Tone,0
2025-11-18,Average Tone,0
2025-11-19,Average Tone,0
2025-11-20,Average Tone,0
2025-11-21,Average Tone,0
2025-11-22,Average Tone,0
2025-11-23,Average Tone,0
2025-11-24,Average Tone,0
2025-11-25,Average Tone,0
2025-11-26,Average Tone,-0.9331
2025-11-27,Average Tone,0
2025-11-28,Average Tone,-1.6878
2025-11-29,Average Tone,0
2025-11-30,Average Tone,-0.0955
2025-12-01,Average Tone,0
2025-12-02,Average Tone,-2.706
2025-12-03,Average Tone,0
2025-12-04,Average Tone,0
2025-12-05,Average Tone,0
2025-12-06,Average Tone,0
2025-12-07,Average Tone,-2.9255
2025-12-08,Average Tone,0
2025-12-09,Average Tone,0
2025-12-10,Average Tone,0
2025-12-11,Average Tone,0
2025-12-12,Average Tone,-6.5839
2025-12-13,Average Tone,-1.6269
2025-12-14,Average Tone,-1.6263
2025-12-15,Average Tone,0
2025-12-16,Average Tone,0
2025-12-17,Average Tone,0
2025-12-18,Average Tone,2.7878
2025-12-19,Average Tone,0
2025-12-20,Average Tone,0
2025-12-21,Average Tone,0
2025-12-22,Average Tone,0
2025-12-23,Average Tone,0
2025-12-24,Average Tone,-4.9479
2025-12-25,Average Tone,0
2025-12-26,Average Tone,0
2025-12-27,Average Tone,0
2025-12-28,Average Tone,-3.2661
2025-12-29,Average Tone,0
2025-12-30,Average Tone,0
2025-12-31,Average Tone,-3.272
2026-01-01,Average Tone,0
2026-01-02,Average Tone,0
2026-01-03,Average Tone,0
2026-01-04,Average Tone,-0.0995
2026-01-05,Average Tone,-6.1913
2026-01-06,Average Tone,0
2026-01-07,Average Tone,0
2026-01-08,Average Tone,0
2026-01-09,Average Tone,0
2026-01-10,Average Tone,-1.0363
2026-01-11,Average Tone,0
2026-01-12,Average Tone,0
2026-01-13,Average Tone,0
2026-01-14,Average Tone,0
2026-01-15,Average Tone,0
2026-01-16,Average Tone,0
2026-01-17,Average Tone,0
2026-01-18,Average Tone,0
2026-01-19,Average Tone,0
2026-01-20,Average Tone,0
2026-01-21,Average Tone,0
2026-01-22,Average Tone,0
2026-01-23,Average Tone,0
2026-01-24,Average Tone,0
2026-01-25,Average Tone,0
2026-01-26,Average Tone,-2.9954
2026-01-27,Average Tone,0
2026-01-28,Average Tone,0
2026-01-29,Average Tone,0
2026-01-30,Average Tone,0
2026-01-31,Average Tone,0
2026-02-01,Average Tone,-4.1499
2026-02-02,Average Tone,0
2026-02-03,Average Tone,0
2026-02-04,Average Tone,0
